Price,Engine_CC,Mileage_kmpl,Horsepower,Torque_Nm,Car_Age_Years,KM_Driven,Seats,Fuel_Tank_Liters,Length_mm,Width_mm,Boot_Space_Liters
1992743,3481,23.64,113,537,5,294311,4,72,4129,1712,430
410268,4429,10.06,385,637,4,110957,2,64,5129,1765,356
1032180,3867,28.95,416,686,6,15479,4,63,3933,1792,699
1870006,2186,14.2,372,249,4,119392,4,67,3643,1706,333
2303274,4576,13.17,197,107,9,162448,6,34,3788,1832,590
1436074,3666,8.72,227,128,4,135895,3,47,4909,1576,236
1539911,4163,12.64,450,395,10,256228,5,45,3513,1787,252
578167,4924,26.92,162,439,9,201528,5,37,3756,1546,217
2438242,948,29.91,481,538,10,281729,6,54,4869,2121,670
629365,4650,14.21,144,243,6,234847,7,61,4868,1699,691
1087201,2858,16.22,376,618,9,288763,5,55,4923,1926,237
1670455,1936,23.05,271,144,14,265864,4,51,4730,1709,386
2066891,986,27.15,62,338,6,281411,6,60,4357,1919,584
627069,3654,19.83,443,254,12,146768,2,72,4442,1653,395
2125573,2050,14.79,238,280,10,161040,3,39,4695,2021,442
1091743,2133,15.32,401,314,14,51567,3,41,3963,1914,499
403355,4993,22.39,362,187,2,91229,3,57,3769,1852,502
1562752,4950,5.08,391,355,2,199316,4,35,4744,1656,234
1696025,3511,20.49,97,610,9,196497,2,49,4675,1760,414
1770485,2585,13.89,479,172,11,82844,6,34,4122,1576,418
1289436,1550,24.85,298,278,12,163991,6,52,4706,1987,515
1607371,2562,7.32,228,311,14,90697,3,38,4922,1630,289
1217040,4720,19.71,456,333,2,57196,2,58,3571,2078,507
1848762,1281,17.02,402,564,5,115600,2,45,4941,1954,451
2219486,953,21.06,373,322,11,100625,2,75,4806,1662,207
954811,2324,6.62,365,363,14,33324,5,51,3573,1514,455
827035,2920,19.5,89,306,5,51272,5,37,3854,1731,562
948143,3143,19.04,249,465,12,249264,3,49,3996,1694,407
1800942,2040,19.02,416,375,12,163996,2,43,4851,2041,624
365725,860,20.09,84,479,2,227459,7,68,4487,1858,330
384654,1738,21.91,171,408,2,154961,2,66,5058,1830,423
1253277,2439,25.12,470,367,7,236538,6,79,4079,1926,396
2254354,4920,11.75,494,163,7,54675,6,63,4409,1996,667
828178,4369,25.63,265,449,6,73591,3,40,4970,1985,341
1605416,2052,17.46,244,593,9,153706,7,69,3872,1948,451
1765689,971,6.93,441,622,3,294507,2,62,3861,1912,295
368148,2258,6.46,438,197,14,194824,7,60,3592,1829,225
2125665,4349,13.36,106,170,3,229530,3,73,4844,1646,310
556508,4997,24.62,433,463,2,113627,6,63,3823,1758,653
1103591,3122,22.69,287,669,4,213988,6,79,3883,1791,322
1196942,2436,24.72,98,375,2,289014,5,36,4074,1642,385
904365,3915,17.93,75,149,12,37394,3,78,4235,2126,683
2170928,4890,16.0,81,457,7,79795,3,52,4236,1864,367
2073415,3804,8.69,272,663,6,275160,2,75,3845,1589,250
2355555,1129,13.2,369,584,12,42137,2,36,4626,1663,578
1105889,4440,15.85,208,183,2,138925,5,54,4738,1980,204
1808349,4694,7.22,300,683,8,12379,4,32,4715,1583,276
1663715,4907,10.52,331,395,11,121169,7,67,5195,1576,359
1520405,2141,19.96,118,335,13,169439,4,49,4218,2172,407
571836,4463,23.39,346,155,12,149172,4,63,4280,2016,456
2395505,1015,29.96,485,459,4,126082,3,78,4519,1984,404
496769,1138,28.33,261,209,8,11049,7,73,4717,2089,454
1571741,4862,21.06,91,291,6,161771,3,73,4903,2102,637
1346797,3508,15.53,221,192,14,168112,7,59,4926,2098,210
1884398,3952,20.9,314,667,6,249527,6,46,4163,1603,636
864685,2550,24.64,313,159,5,224062,3,39,4099,1951,207
1702107,3221,7.96,68,138,1,57986,3,64,3510,1986,608
1611736,1509,15.25,198,639,8,154672,3,49,3686,1838,623
1307293,4526,26.0,69,148,5,221849,5,47,4225,2186,231
879879,4442,14.6,273,519,7,216775,3,74,4538,2065,671
323247,4793,19.3,332,112,0,105315,2,73,4277,1977,227
1372876,1288,19.69,383,135,4,282229,2,56,4820,2106,405
1622905,846,9.61,107,200,11,177926,7,78,3910,1722,692
2067640,4159,14.06,495,185,0,215341,6,65,4455,1508,586
1585160,1200,13.36,170,615,9,170851,5,52,4084,1552,427
1910908,4790,5.65,212,322,10,187279,7,61,4575,1576,327
2186222,3957,5.6,182,437,13,225687,2,39,5163,2002,454
1278732,1190,25.79,464,265,7,296124,5,40,4551,1815,674
1725472,4653,11.83,416,482,7,145213,5,67,4076,2123,411
348984,1428,17.95,161,475,0,140416,6,35,4540,1664,438
1804384,3730,12.47,300,570,8,15896,5,70,4874,1778,406
2333643,2321,28.52,380,130,1,89353,3,76,4951,1526,517
2052126,1626,11.48,250,474,11,29813,5,63,5173,1569,482
436330,2300,15.74,276,110,8,215503,6,65,4752,1717,444
2037095,4094,26.82,110,401,0,65679,7,66,4488,1864,244
2411138,3219,26.05,351,195,11,141753,6,46,4733,1805,304
886146,1734,9.65,140,289,9,203975,6,69,4954,1623,547
2409818,3842,25.07,442,552,13,265372,2,69,4817,1518,480
588998,2266,16.45,147,291,13,209755,3,41,4242,1756,433
2143400,4361,17.07,253,585,8,273541,2,50,5105,1795,388
1379111,1414,8.34,163,365,3,299155,7,69,4627,1521,243
1296107,1982,7.02,330,523,8,79183,4,48,3703,1949,693
651279,4023,23.2,155,227,6,42317,7,32,4576,2051,424
2170230,3467,17.41,482,337,10,178986,3,47,4473,2049,629
789570,930,15.92,438,454,5,215705,5,48,4439,1547,341
2350731,3783,23.24,257,211,14,176326,6,76,4898,2194,335
1621685,838,24.14,60,545,4,52344,4,35,4577,2086,375
2421690,4759,8.97,466,442,10,246060,3,45,4799,1682,341
791234,4387,20.26,437,244,8,199618,2,37,4858,1934,648
2248260,1720,8.38,226,164,1,159484,6,77,4554,1606,279
439182,3569,23.78,185,346,13,110489,7,47,4658,1687,281
1821101,4911,21.42,372,589,12,258667,2,77,4581,1585,334
1506914,1292,28.92,140,538,10,11549,3,72,3604,1955,406
484064,1931,6.72,477,205,13,25739,3,68,4789,1636,543
514020,4321,6.43,310,280,11,283353,7,78,5045,1835,376
2272990,1110,12.05,228,283,1,107051,4,78,5019,2106,582
1197421,1538,11.54,132,325,10,15116,7,41,3752,1968,442
1994490,4041,11.17,200,188,11,20045,5,74,3794,2101,254
1467752,1345,27.66,129,629,14,35709,2,39,4167,2070,340
422409,3261,11.24,321,470,8,157977,4,36,4681,1902,656
2316716,2604,11.8,399,498,11,203675,6,75,4048,2039,639
1069598,4012,23.98,367,205,2,229167,5,30,4130,1571,255
1398591,4610,16.24,304,370,7,219222,4,78,4590,1523,214
1174371,1613,24.42,62,602,10,189518,2,65,3798,2123,384
1759933,4924,6.63,396,624,14,183500,3,50,4986,1984,513
1454454,2832,17.19,122,131,8,268591,6,66,3600,1555,618
1273548,1044,5.84,108,492,7,5499,7,53,4579,1722,287
1513475,1071,6.57,135,139,3,39041,2,54,3831,2131,296
2321900,4311,27.66,427,317,11,293459,5,36,4335,1678,343
1299238,2571,8.48,234,181,0,132371,5,71,3892,1933,207
2228434,2062,18.31,168,300,3,136066,3,46,4373,1949,676
679989,3224,15.28,242,546,13,226486,3,58,3880,1991,414
343585,1720,13.68,251,527,8,212235,6,59,3591,1688,372
1719945,4230,27.5,124,137,1,257831,7,36,3946,2077,422
2461196,3424,5.55,396,310,2,294499,6,62,3608,1919,239
409556,4560,21.59,330,543,9,116220,3,36,3816,1748,696
1875557,2850,29.08,159,426,7,221421,3,53,4691,2087,381
2361083,4300,19.0,91,326,5,264140,5,40,4958,2148,469
500235,1965,28.42,411,147,7,251071,3,38,3941,1663,386
2423091,1175,6.31,187,117,6,3089,4,41,3717,1754,444
2309021,2833,15.47,461,538,13,282803,2,64,4745,1975,677
1501482,945,11.5,428,286,12,95965,3,33,4172,1916,508
842335,1231,23.27,398,444,12,81268,6,65,5051,1669,430
375766,1504,29.53,102,323,4,201798,7,57,3777,1816,582
2001240,3432,11.41,431,587,8,237103,7,42,4508,1673,354
1284346,1763,21.35,478,328,3,244754,7,52,4068,1969,374
1803165,3034,9.95,137,489,5,165637,4,48,5097,1844,535
427948,2841,19.13,373,688,1,89242,6,71,4509,1944,314
1927880,2628,16.6,348,287,14,153956,4,66,4374,1517,589
702690,2908,29.3,329,369,1,279343,3,68,3965,1569,510
799046,4868,20.21,221,409,1,60038,2,53,4338,1837,680
321959,1738,13.74,248,231,9,57786,7,45,4253,2127,499
2098792,1606,7.85,306,650,6,236042,6,62,5125,2091,217
2254109,2263,8.78,447,171,12,209087,7,41,5107,2026,471
2138756,4215,10.63,275,286,1,165250,4,63,4337,2187,211
528576,810,11.27,374,585,14,262678,5,36,3529,1955,603
1684250,2668,26.27,472,290,14,298276,3,40,3858,1768,500
361087,1684,19.03,398,521,11,298254,2,60,4811,2130,391
1313343,4364,18.08,449,219,14,189826,3,58,3585,1687,431
2382263,2189,7.87,436,319,12,46233,5,42,4757,2068,642
1796176,4201,26.5,492,152,1,197780,2,60,4246,2028,292
2186013,1624,23.07,227,550,14,224522,5,31,3812,1933,677
739792,3065,6.69,398,511,8,106311,3,68,3864,1787,417
339353,1736,22.7,252,336,6,34409,4,44,4404,2066,477
365318,3600,18.59,342,505,10,246231,3,40,4792,1998,552
1065313,3353,7.04,395,521,2,286198,3,63,4197,1940,686
1831266,4645,16.46,449,346,2,29709,3,68,3630,1802,502
716880,2596,17.12,72,171,6,109321,6,33,4302,1586,228
1070746,853,9.14,299,284,4,363,5,40,4288,1937,669
1113168,1526,28.64,379,105,9,272502,5,58,3850,2040,500
525281,3536,26.25,206,305,13,45689,7,31,3679,1521,276
1700804,3970,21.73,263,643,13,264080,5,45,5003,2059,208
1780415,2713,16.56,139,486,5,91074,7,68,4686,2016,223
569536,2396,15.29,438,175,12,175037,6,42,4619,2174,214
1606002,2714,21.27,102,276,11,208606,4,66,4273,2002,363
477789,3266,18.64,148,448,7,882,7,46,4009,1966,212
1861729,3537,6.56,207,354,8,254822,3,50,3864,1600,546
1137291,1649,17.81,154,407,0,125865,4,73,4480,2082,371
1583743,2909,25.16,487,444,2,123745,6,48,3852,2174,556
981669,802,16.48,210,226,10,28885,5,36,4299,2184,526
1419043,4869,6.3,61,386,6,171128,7,67,4959,1640,399
1729626,1692,24.66,435,695,5,191313,3,37,4606,1637,684
2041093,2830,10.03,81,586,6,21584,2,42,4748,2077,688
2318163,3960,11.47,430,482,7,270665,2,66,3911,1727,661
406081,3176,9.12,372,505,5,181089,4,31,4234,1780,577
1961909,2733,13.26,387,487,2,295685,5,70,4480,2183,275
410078,2180,23.92,66,624,1,29063,2,40,3617,1930,363
2215631,4481,17.98,265,656,11,70268,4,53,3981,1539,571
2419823,2090,10.12,499,375,6,256306,6,35,3691,2018,260
1766976,2440,26.95,434,599,11,126218,4,55,4090,2185,687
1704104,3482,26.99,173,436,11,224126,4,36,4089,2162,664
2308187,1787,26.76,331,580,11,170635,4,68,4158,1710,623
1959066,2018,10.97,142,372,10,170824,3,48,3606,1801,444
2448815,2155,16.28,238,157,0,226305,4,35,3881,1585,676
611955,4935,29.62,269,427,2,76411,7,72,4282,1896,581
1210681,2360,24.3,387,208,11,109876,4,58,3889,1752,354
1907618,2218,5.68,183,378,10,198153,3,72,3743,2032,456
442483,1754,6.63,172,427,3,160212,3,68,4084,1880,443
2333350,1783,16.6,71,414,12,140399,6,31,4368,1943,361
701896,1774,27.73,185,573,13,23331,5,48,3967,1532,267
2482048,4933,18.47,112,210,0,23004,2,33,4365,1759,543
777095,4772,17.45,390,328,4,238441,2,35,4433,1733,476
371295,1713,7.64,448,596,9,189167,4,78,5061,2014,360
1043974,836,21.42,342,255,2,89044,6,66,4733,1807,590
1187121,4187,25.55,199,572,1,271189,4,57,4103,1569,648
1356731,2511,14.51,460,371,14,282260,2,59,5160,1953,688
1125816,3820,24.39,449,101,2,18667,3,36,4514,1938,458
674705,1595,29.11,156,610,7,74205,5,38,4596,1863,691
2156926,4836,10.09,64,385,5,27302,6,54,5158,1980,506
1958845,3911,18.08,116,112,12,162007,3,62,4832,1643,534
2326793,2124,12.18,471,597,13,72534,5,30,5113,1523,294
854594,1117,24.82,393,337,6,225414,6,35,4359,1924,637
447718,3196,19.44,128,193,11,162696,6,47,4709,1674,663
945263,2962,20.86,177,437,5,13440,2,39,4776,1824,657
447443,3545,24.95,435,270,5,270012,3,57,3512,2170,445
1819163,2391,14.9,118,666,11,161323,6,40,3798,1847,420
673616,3911,27.88,92,566,2,84523,7,62,4599,1517,322
986976,4730,18.33,377,242,11,169801,6,30,4574,1543,386
1714447,2796,8.95,109,300,12,15734,5,42,4286,1654,461
417796,2112,22.4,427,279,13,173501,2,66,3648,1876,612
1541082,2085,24.83,78,463,7,172409,4,49,3621,1901,472
1290198,3183,12.92,273,578,11,270577,2,30,4734,1724,572
998376,4039,26.43,256,664,6,140183,4,32,4803,1716,259
998002,2939,27.65,438,570,6,103986,3,47,4037,2067,605
1888015,2504,11.92,106,483,5,113783,3,70,4679,1530,607
1879159,1162,29.59,226,516,4,211655,6,43,4761,1558,324
1207317,3404,8.52,348,407,9,283895,7,60,3875,1852,536
621184,2516,10.05,200,466,7,147525,3,56,3581,1944,540
2147191,4538,9.61,143,100,4,216916,6,46,3991,1734,250
1771091,3269,27.35,241,143,8,161149,2,75,3855,1606,377
968234,1356,21.36,450,197,8,239654,3,58,4424,1690,338
678480,1625,8.8,138,364,0,189216,2,65,4796,2029,639
2429863,3608,16.01,274,239,5,177169,2,66,5103,2178,526
1091971,3519,20.38,73,580,6,286647,7,55,4567,2082,369
801157,4308,7.09,274,336,2,133851,3,46,4504,2065,238
484423,4541,27.06,462,171,6,131827,2,51,5096,1744,268
2052290,2374,25.09,187,289,10,51482,7,54,3622,1575,435
1212495,4798,17.63,369,367,10,122989,7,31,4872,2046,247
2085954,2929,29.18,307,420,6,276393,3,51,4207,1766,580
433272,3203,15.44,463,206,13,244255,7,34,3829,1816,256
1067836,4129,29.6,88,331,12,110361,3,33,4932,1620,476
1426081,1388,21.7,339,141,10,286744,3,65,4490,1524,537
2400021,2812,20.87,397,238,1,299850,4,35,3822,1931,298
1081474,2347,9.15,378,372,6,281366,2,50,4634,1659,603
1660828,1094,27.05,261,580,14,41139,5,42,4269,2095,214
918467,2785,15.69,420,515,0,114919,3,66,4612,1613,524
1438848,3917,9.06,116,605,4,247677,2,54,3932,2001,660
2435619,2490,5.32,451,523,8,225756,7,55,4209,1665,378
1177844,1936,18.99,277,506,6,139718,6,68,4293,1674,531
780047,2864,18.18,121,667,6,144615,3,49,4211,1500,261
2007923,1807,22.98,216,489,10,225568,7,62,4622,1585,318
1407447,3314,27.26,261,441,12,153857,7,43,4038,2073,668
1239903,4326,6.99,76,592,11,23777,7,65,4100,1819,236
428391,2047,23.29,381,291,1,57939,7,46,4669,1900,333
1317026,4702,9.69,65,598,7,23548,7,50,3756,1881,654
1959280,2235,26.45,117,332,2,125549,3,75,4712,2116,225
2205279,1371,25.48,384,326,14,137799,5,45,4763,1817,689
407450,3182,18.52,471,470,7,241532,4,75,4370,1749,695
2283509,2045,22.76,377,238,2,181789,7,45,4398,2024,207
416381,2884,12.86,228,248,9,147764,7,49,5026,2174,656
1821701,1077,16.78,141,214,6,31625,4,58,4308,2054,674
1920197,2687,25.54,484,549,1,287062,3,57,4176,2122,203
2078226,2065,16.48,492,162,3,114881,2,37,3770,1755,220
2211221,1840,13.94,278,203,10,277721,6,53,5043,1806,614
1499386,1717,17.36,236,372,5,111776,6,32,4049,1643,348
2314484,1685,25.71,263,105,10,233996,2,54,4637,2157,687
1718175,3552,13.38,130,246,8,257831,3,48,4862,1890,224
1029903,821,9.34,446,283,4,212803,6,62,4067,2175,686
2442866,3991,22.8,325,127,12,158761,4,31,4485,1668,342
1815536,3153,25.65,157,649,8,142226,2,44,3858,1797,444
2060427,1486,7.52,404,218,14,21341,5,51,5173,1732,618
424123,1084,11.0,350,392,4,205753,3,39,5137,1770,632
1236093,4547,8.55,267,470,9,249141,2,47,4857,1559,242
1431565,1562,13.7,61,343,7,199488,6,51,4692,1795,624
478274,3228,16.26,183,679,12,256139,3,75,4862,1966,492
2231760,3307,23.72,339,317,12,295457,4,78,4297,1734,384
431373,828,21.28,133,276,0,78840,3,56,4784,2176,241
415294,1706,20.52,225,398,6,165767,3,42,4386,1733,630
2320320,3904,13.81,81,157,3,161297,4,62,4722,1867,291
948307,4799,26.04,213,368,4,49156,7,34,3710,2194,516
2462878,3794,16.78,486,407,5,208281,4,55,3786,1731,597
441564,3306,29.48,498,669,4,87453,3,42,4242,1990,523
1726388,4409,20.85,354,387,11,158901,4,56,4995,2118,252
2367359,4353,8.16,278,204,0,25938,7,43,5005,2002,283
989944,2253,21.9,216,327,11,59164,2,53,4546,2091,233
988105,4156,13.13,289,346,8,199271,4,32,5083,1880,275
2289173,1315,22.16,79,593,1,60282,4,76,4632,2195,552
1714466,838,6.74,100,182,8,265470,3,78,3795,1927,607
745101,4142,9.37,497,285,9,158666,2,59,3505,2196,603
2433783,1686,26.39,207,351,1,115819,5,64,4049,2145,396
1352590,3644,10.68,167,454,8,266907,5,77,4180,1863,685
1366646,3004,25.93,462,309,5,141900,6,43,4294,1701,485
2170785,1898,11.98,143,546,10,273365,4,41,3702,1645,287
1405534,2623,21.07,426,559,8,13569,4,57,3824,2138,434
1883593,4001,22.35,381,571,12,227966,2,73,4324,1956,431
2103649,3955,17.82,473,469,5,37860,7,58,3743,1634,206
1524665,3893,12.63,368,591,5,202630,5,72,3826,2125,491
458823,4330,10.32,349,236,12,144587,6,46,4486,1763,237
1741578,4578,5.83,465,466,10,71695,2,69,4570,1563,663
798863,3696,12.6,382,283,13,253078,4,78,4260,1990,251
667654,4253,21.33,193,687,1,242599,5,50,5114,2146,342
1792785,4311,28.46,266,386,7,155976,6,52,5145,1540,629
1097079,1788,26.78,342,571,2,191007,3,49,4536,1795,606
964076,4916,24.15,325,474,6,5636,5,40,4406,1502,595
1597286,4826,24.71,132,636,4,261578,6,63,4903,1609,420
2205324,4979,21.62,411,610,2,283816,2,39,3864,1720,627
1586125,2482,11.51,107,678,0,267956,3,39,5125,1869,439
1832875,4763,27.68,385,349,7,227693,6,72,4865,1867,342
748982,1733,21.77,292,609,2,654,6,35,4744,1935,548
1472622,4398,19.01,159,172,1,54633,4,65,3572,1503,692
1296161,4033,7.77,118,381,0,17143,7,53,5148,1743,562
966326,2780,16.18,317,459,3,55934,5,41,4569,1665,581
949150,2655,16.51,472,109,12,103463,4,72,5027,1525,248
418834,3856,26.61,124,310,7,125851,3,52,3773,1894,476
1999005,1592,18.67,142,251,12,29087,7,56,5078,1973,470
2054236,1591,14.51,213,104,2,142690,6,74,3707,1516,213
584821,2609,29.42,325,294,13,270590,4,66,5138,1591,497
355609,3055,7.77,368,382,0,158272,7,35,3623,1982,691
527897,4410,15.56,138,563,3,226179,5,30,4533,2042,663
1274165,2407,6.05,374,212,8,192537,3,35,4852,1704,214
1379600,1784,23.5,209,370,12,217508,2,79,4710,2001,433
1325715,4476,27.95,494,262,0,118422,4,51,4042,1899,262
1738533,4180,12.0,107,559,11,219631,3,70,5191,1706,395
761243,1319,26.46,464,204,13,39148,2,53,3559,2118,226
2358852,1390,12.31,438,655,10,151770,4,54,4398,1645,670
2285588,1850,27.77,307,381,1,297594,3,44,4385,1600,292
551451,4433,23.85,337,261,8,187535,3,55,4281,1740,304
303051,1759,25.12,415,450,1,295901,7,37,3941,1662,508
2052683,1492,5.45,157,533,12,78012,4,53,4740,1672,251
1304646,4699,29.07,473,239,2,56116,3,77,4410,2001,518
1960099,3746,23.17,84,570,6,144233,6,67,4525,2046,656
1271525,1326,12.62,343,231,2,32152,4,35,5059,1783,380
489407,4024,25.73,428,186,8,106379,3,64,4331,1858,256
749395,3053,12.04,360,282,5,226905,7,71,4507,1880,319
1249597,4144,26.82,127,467,2,20836,2,30,4879,2032,507
1560386,4765,7.81,66,228,8,221439,2,75,4125,1662,562
2470675,2675,22.59,364,345,0,186720,6,65,5190,2108,242
1443052,2563,18.52,196,677,9,157403,4,41,4688,1806,334
522866,1320,7.41,223,477,2,141835,7,67,4497,1838,572
1435248,1816,11.05,142,248,0,93109,3,40,4233,1554,625
1946711,916,5.31,444,532,1,150259,3,41,3590,1832,459
1693470,3233,16.72,197,568,11,143029,2,71,3666,1626,396
2425403,1383,12.53,479,545,7,82018,7,79,4458,1742,332
1723286,1194,19.96,132,580,6,123076,6,68,3706,2099,658
483062,4588,12.43,296,393,1,158177,2,36,4805,1908,454
400235,3568,12.5,105,242,1,179425,2,40,4588,2002,688
2201625,4967,23.58,165,349,8,215657,6,65,4015,2103,419
1050201,4660,6.2,475,401,12,2637,4,60,4680,1802,535
1103328,1073,27.57,347,124,12,237989,3,62,4246,1963,240
1343233,2813,26.31,321,169,5,232259,4,42,3805,1734,677
2011741,2189,21.7,235,211,4,82464,7,47,3894,2195,587
829525,4366,19.83,225,463,9,290886,5,70,4597,1537,454
1368632,965,27.31,204,402,5,11831,5,53,3686,1638,201
476615,2367,9.63,389,570,8,113768,5,38,5097,1694,693
487628,1528,6.97,429,190,10,246983,6,60,4860,2026,394
706716,2843,10.99,342,629,6,104824,2,70,5199,2146,441
841252,4997,24.86,113,291,14,88741,4,39,5091,1500,348
1986293,4296,5.87,237,651,9,18830,3,31,4122,2060,397
2464367,1578,19.57,478,341,9,69202,5,67,4229,1595,498
2204050,1013,29.89,303,237,13,299189,4,44,3739,1912,444
444356,4562,26.39,400,444,8,217394,5,32,4032,2037,537
503861,2376,18.04,186,279,3,202123,5,72,3640,1928,307
655612,3248,6.59,468,602,1,157699,3,60,4788,1734,652
309435,3736,25.78,471,302,11,277342,7,35,3638,1848,592
747556,3917,19.97,426,672,7,106471,7,32,3958,1980,411
2048014,1391,7.87,330,291,3,291619,7,40,3569,1895,355
378781,3520,7.35,191,104,12,236824,6,44,3884,1850,225
1064121,1513,27.74,152,336,8,19403,2,74,4129,1915,281
2039183,1735,21.73,438,410,14,3681,6,57,3697,1550,282
1469748,801,25.73,132,648,14,115260,4,39,3704,1580,330
1804544,3648,26.97,470,155,3,173364,6,67,4067,1535,528
1407677,4844,19.29,469,542,14,105386,4,76,4481,1566,299
1844548,2749,17.94,462,336,7,233378,4,79,4304,2140,455
588790,1717,15.76,307,296,8,93246,2,79,4358,2166,678
1190617,3974,12.92,407,684,12,95864,3,36,4381,2122,248
1708836,3041,15.86,332,670,8,208886,2,44,4473,2179,600
1941249,889,24.35,102,613,9,270561,7,47,4139,1980,262
950419,2509,20.05,436,548,3,165837,7,47,4954,1967,510
1187225,2969,27.31,100,459,0,245160,6,70,3824,1641,606
571967,3841,16.08,229,129,14,187646,4,53,3941,1855,489
491232,905,20.18,493,207,2,259278,5,31,4303,1970,304
1652695,1686,20.78,271,544,8,289819,5,69,3787,2120,304
2406692,1227,19.79,227,537,3,256681,4,49,3725,2090,524
1889228,2695,22.57,98,556,4,171635,2,63,4587,2172,214
1400567,1116,10.94,428,594,6,11332,3,72,4466,1938,374
918992,1434,17.81,304,346,4,254817,2,55,4437,2030,458
349115,2725,7.61,210,642,3,281321,4,36,4059,1626,410
1021747,2856,14.61,170,663,14,220326,4,67,4213,1704,611
1497719,3944,17.19,495,687,1,199519,3,59,3997,1528,458
2063211,3070,21.31,106,538,14,261849,6,71,4348,1944,301
2338449,2239,28.76,122,377,1,80730,6,34,4425,1963,459
836226,1352,20.02,284,651,12,237474,3,40,3559,1779,543
1352576,1515,23.59,425,210,12,290477,6,30,4920,1650,358
1704330,4711,17.66,128,484,3,283817,5,63,3756,1739,244
551492,2513,20.85,358,290,9,40870,6,30,4076,1765,642
1848098,4189,6.77,491,589,12,253017,6,48,3738,2193,500
791072,1907,11.36,349,525,9,127536,6,31,3537,1604,450
1386880,1050,14.05,355,504,12,284965,5,50,3524,1932,530
804999,3230,16.81,262,434,14,25494,6,49,3909,1996,364
631593,2854,6.14,120,308,8,99477,7,52,3960,1939,392
2355723,1258,8.5,493,121,7,205232,5,50,5094,2184,208
408940,1007,11.92,377,307,2,280790,3,53,4487,1657,600
1124926,1699,29.29,373,107,14,123777,2,33,4940,1671,573
1614093,4261,13.28,220,628,13,77360,3,41,3856,1993,264
685777,4185,17.05,390,265,8,299479,2,51,3882,1810,586
1973250,821,9.9,75,595,13,133501,3,49,4681,1902,694
2229305,1209,20.27,397,689,4,60654,7,47,4068,2168,481
938873,1694,12.02,153,528,10,119975,2,30,4956,2175,380
365953,1314,10.17,363,262,2,199215,2,59,4571,2158,614
303267,4909,17.91,197,465,4,102326,4,62,4851,2165,481
2479897,2934,5.14,397,625,12,77527,2,53,3932,1962,478
2224596,4395,5.19,97,338,9,166991,2,43,4954,1866,229
457164,3756,10.48,186,171,12,96952,4,65,3555,2049,465
835626,2360,5.92,334,544,3,146895,6,34,4076,2142,527
831831,2066,7.7,223,608,7,46015,6,40,3767,1754,691
816771,2969,13.47,378,368,12,102877,4,53,3568,1707,416
991095,4438,25.06,136,514,11,277483,5,60,4401,1949,519
1133727,1549,19.3,233,344,4,134563,2,42,5124,1594,605
1462928,4227,17.82,446,159,9,97493,2,45,4972,1977,598
1169474,2727,12.34,417,105,11,146800,4,53,4292,2182,578
2483151,4604,28.29,380,669,7,191480,4,42,3756,1689,304
370640,4502,14.93,435,506,8,121648,5,53,4171,1983,383
496582,3156,7.18,150,316,3,287307,7,55,3989,2035,529
2300991,3135,20.43,297,125,6,148790,6,31,4245,1922,347
700573,1106,7.85,323,104,1,87508,3,45,5166,2139,304
1774271,4465,13.63,238,631,5,214839,7,67,3548,2104,246
361476,2789,17.69,268,489,7,274270,6,75,5182,1632,286
1655531,1461,26.86,132,670,11,64926,2,30,3815,1554,508
1515856,1111,17.34,449,547,6,40633,7,78,3912,2009,636
975510,3720,22.56,166,245,6,208726,4,40,3933,2169,328
1198320,1882,29.82,404,487,7,3317,5,64,4525,2040,457
934736,3771,8.29,354,348,6,192718,6,72,4668,1909,513
1887261,1554,11.87,428,625,4,187035,5,58,4889,1710,346
2307635,4930,14.86,343,561,6,180388,6,66,3919,2165,645
1526607,1152,15.55,412,112,12,277648,7,46,5096,1792,661
366234,1702,15.28,241,483,13,199665,2,68,5084,1614,271
1912818,4688,27.69,96,655,9,299340,3,71,4343,2169,685
709995,958,22.85,196,498,2,212369,5,57,4967,1758,339
766152,2777,20.2,397,118,4,55501,5,58,4415,1621,609
2290546,1756,12.73,115,674,6,184381,3,72,3933,1798,226
2303019,2871,25.59,246,590,14,27043,5,32,4142,1880,228
2073832,1203,28.88,400,518,8,33635,5,39,5078,2060,470
351934,3579,25.53,317,436,14,210387,6,71,3556,2000,373
2068831,2187,5.04,117,518,1,80691,6,43,5085,1796,452
725523,4253,20.91,422,221,3,295276,3,41,4463,1861,584
1140530,1755,6.28,182,531,11,277510,2,76,4476,2088,259
305486,2512,11.44,247,143,6,93944,7,71,4701,1962,306
1487983,2073,6.49,289,416,0,203179,7,59,4816,1937,419
1173332,4611,20.09,227,480,12,39236,5,61,3545,1626,640
1339458,3425,22.16,479,244,1,266294,2,61,4693,1696,458
2109891,3182,7.86,173,426,8,281567,3,71,4794,1720,570
497775,2241,14.6,311,462,12,4137,3,61,3916,1590,345
1087494,3779,16.41,166,149,9,29992,6,55,4347,1910,251
1956940,2597,14.23,96,164,6,115140,5,30,3638,1507,259
1438356,4809,8.03,394,454,11,175993,4,71,3746,2043,233
1501193,2194,15.47,151,263,9,121225,3,31,4671,1967,295
1189465,2069,23.78,77,240,6,296379,5,46,3729,1819,676
833636,4514,6.78,413,227,5,210047,2,59,4291,1893,288
338102,1329,7.0,122,497,2,19122,6,68,4136,1768,515
374460,4423,13.87,209,562,9,286100,7,36,3873,1690,609
1713354,3758,28.54,198,286,2,63879,2,56,4603,2174,430
2076203,3714,21.71,245,289,1,58560,3,38,5129,1560,655
513945,4391,21.97,244,487,10,199757,3,51,4237,1937,474
531915,2947,14.05,264,528,5,237268,2,63,4588,1763,445
825830,4169,19.84,319,383,3,263312,3,75,3587,1594,310
1632397,1739,5.25,273,336,4,166969,5,78,4611,2052,433
2436233,1325,20.9,315,293,2,146104,3,30,4212,1969,477
1018216,801,27.83,194,386,5,297438,6,38,4727,2160,676
1568506,1174,20.31,120,235,10,265660,5,49,4905,2013,616
1105497,3140,26.84,422,270,11,150823,4,48,4100,2189,365
817313,4805,23.1,369,258,2,30373,3,65,4999,1693,327
1563108,3852,8.01,147,300,13,122026,3,69,5096,1981,436
1637682,3165,27.56,383,586,14,30270,6,74,5129,1835,693
1376871,2325,6.66,266,656,13,232931,6,33,4038,1934,490
1362383,2446,18.35,188,682,7,195889,7,38,3713,1695,306
2349365,813,8.55,370,603,8,65184,2,70,3573,1748,327
1586643,3078,5.29,62,470,3,210765,2,51,3560,1997,394
1833584,3955,15.55,481,202,14,37879,2,47,4197,1711,538
2306342,929,12.38,301,224,8,3626,6,41,5066,2164,593
694540,4614,17.15,180,412,11,85936,2,71,4742,2169,674
2226275,4016,19.43,444,557,6,234873,2,72,3511,1965,342
1515557,3738,6.09,161,329,2,81515,4,68,4313,2150,594
1044699,4728,8.08,97,296,6,208137,2,38,4938,1720,310
2417022,2840,18.97,400,522,13,55390,3,35,3531,1772,289
1252082,827,13.58,472,671,0,223032,7,48,4683,1653,450
548683,2913,23.23,192,270,2,54144,6,77,4500,1748,479
326790,2052,21.31,261,481,5,144454,5,76,3736,1778,532
1991738,2846,26.14,407,272,3,4025,7,36,4704,1939,423
748345,4823,22.31,80,552,6,254043,4,45,4057,1775,300
1049074,4174,15.75,301,449,13,118910,6,34,4864,2013,331
2179490,4266,21.82,168,593,2,96055,6,45,4981,1587,212
1090141,3881,11.88,362,103,0,205782,3,30,4603,2141,656
1754908,4578,12.66,143,192,8,283539,7,66,4146,2004,640
605062,1429,24.72,142,105,14,272869,7,68,4486,2089,696
1912162,1069,16.16,350,387,5,33461,2,48,4319,1740,297
1850284,3439,24.96,128,245,7,258072,3,66,3972,2152,319
1166651,2793,25.56,188,523,2,41115,2,46,5194,2174,492
1410205,3691,26.44,255,556,7,110084,2,55,3611,1735,503
1055195,4232,27.92,199,301,1,159762,6,51,4815,1627,398
2168599,2080,15.77,342,311,11,263551,7,37,5154,2002,200
513920,3160,12.97,371,105,3,73568,2,62,3882,1699,259
1725541,1375,19.55,293,475,2,58560,4,31,3516,2042,449
1809433,2107,14.28,82,546,9,148866,4,59,3992,2001,339
2171403,3992,20.03,212,205,0,150953,7,76,4854,2149,348
1853068,3978,22.64,336,500,14,217364,4,49,4425,1991,594
953983,3534,22.21,120,195,12,236770,6,47,5009,1520,243
1764492,3012,14.36,378,487,12,226024,3,72,4929,1733,570
1121052,3152,9.17,437,551,6,180775,5,39,3616,2142,385
2107150,4368,15.76,111,515,10,91288,2,53,5078,1915,307
2155567,2455,8.56,403,603,9,249836,5,33,4379,1647,243
1834837,2379,27.25,212,553,1,14390,3,66,3614,1528,277
1031899,3003,13.65,296,390,3,218547,3,33,5072,1860,425
559747,2190,8.86,370,633,8,27307,6,42,4313,1807,361
915650,2542,5.64,361,292,5,227436,4,54,5148,1661,480
723570,2725,21.15,91,249,7,225121,4,42,5070,1560,452
1327512,1419,20.92,114,614,1,251063,3,47,4143,1624,331
1158158,2074,13.52,411,492,6,24502,6,53,4859,1955,647
2414792,1756,6.79,448,415,5,22486,6,31,3835,1570,571
352528,2739,15.24,95,175,12,169330,7,77,4421,1965,574
2173421,4753,12.78,169,698,13,188788,2,62,3646,1742,673
2187646,3181,21.93,236,369,8,228300,4,48,3621,1989,343
1717077,1768,20.14,421,324,6,103920,3,38,3580,1720,465
2072802,2116,14.11,373,629,0,212566,7,57,4184,1972,308
1224618,1843,10.45,354,212,13,62785,5,64,5189,2032,393
1228479,1081,29.7,395,350,7,76050,4,68,4161,1993,234
1359599,3644,16.35,156,332,10,22738,2,39,3874,1581,666
1634679,1858,22.21,428,182,9,74231,6,30,5093,2021,589
366203,3332,8.51,272,224,14,73606,3,71,3562,1511,474
460775,4628,17.14,376,274,2,227369,4,50,4003,1762,386
1863299,1808,5.69,196,168,13,277267,5,38,4167,2156,636
1644027,2029,17.64,65,146,1,156688,2,76,3948,1948,699
1091267,1835,29.1,168,355,11,273326,2,44,4951,1691,442
797562,1075,14.61,94,129,2,162403,7,64,4367,1613,463
683934,3540,5.97,98,380,10,177170,4,34,4950,1525,661
2304168,3089,5.77,209,336,5,26128,5,70,4944,1998,209
617428,2039,14.7,484,347,12,31556,2,51,4845,2007,650
1667763,925,9.0,177,467,13,258470,3,70,4179,2044,365
1342892,4865,5.58,320,594,2,152948,2,52,4689,1561,228
990907,4668,23.91,485,124,9,140021,5,36,5120,1728,470
2232015,2008,16.46,146,685,4,51962,6,52,5172,2106,286
2479996,4049,12.23,135,589,5,90054,6,73,3960,1534,222
1900396,1718,27.5,473,593,7,202278,7,54,3958,1955,409
422402,4723,7.9,372,413,6,24099,4,56,4712,2087,245
1466588,2769,28.9,442,474,13,235943,5,70,3963,2001,666
738661,3593,12.85,273,124,10,183683,7,35,4411,2094,227
873695,1691,27.21,344,433,7,169957,2,63,3878,1524,225
763556,2833,20.07,298,454,2,196292,2,38,4525,2068,465
875278,2164,25.67,224,215,3,7837,6,78,5141,1531,374
1293176,928,29.6,146,147,5,180427,7,62,3863,1511,203
1478049,1814,12.21,200,198,10,178371,6,35,3571,1818,510
778007,2599,29.03,219,558,6,248003,3,66,4950,2103,521
1574732,2318,14.74,105,622,8,102413,6,60,4137,1500,266
825303,4981,14.64,431,696,12,51012,3,63,4693,1934,334
2390784,1998,13.51,171,504,0,130193,2,70,4728,1635,254
1410389,4673,18.54,466,313,12,218168,7,58,3836,1695,663
327712,3274,8.85,104,602,14,148178,3,43,4995,1632,230
412816,4285,18.84,460,547,7,58123,7,65,3694,1585,273
1935156,4849,18.54,306,675,7,111825,7,65,5193,1975,218
435230,4519,24.05,163,357,5,8720,3,44,4511,1823,355
2066616,1102,25.84,144,220,3,168733,4,37,4152,1679,536
1106741,4752,16.01,193,153,2,246103,6,55,4798,2015,355
569114,1786,12.56,167,430,10,224970,3,65,3506,2137,346
1683194,2663,11.48,77,340,2,224866,2,77,4404,1674,684
2181548,3872,9.87,153,629,5,150862,7,50,4478,1520,286
451456,3924,6.44,209,582,12,58655,5,57,4065,1604,219
570846,2127,13.56,305,286,7,190715,3,33,4115,2077,468
300404,3208,11.76,348,361,6,93448,6,45,4072,1942,532
1003286,4473,29.16,473,463,10,178446,7,51,4098,1548,242
2295269,4091,18.94,268,590,0,173979,4,41,4269,2027,594
1623483,4833,13.68,185,530,10,181143,2,45,4701,1644,631
2022320,1503,19.51,294,338,5,120507,4,69,3741,1839,598
1015460,1374,8.48,475,403,6,296956,5,67,4726,1853,600
642786,4032,16.1,485,397,11,60186,3,71,5066,1574,637
1110006,3432,20.66,181,175,6,122066,7,66,4985,2077,505
2158532,4628,17.22,197,432,8,181323,3,58,4603,2136,227
2145924,4030,15.04,174,573,10,196243,6,47,5046,1818,666
1353385,1288,29.85,479,382,10,36160,3,39,4940,1586,459
463273,2147,27.01,221,690,9,19156,2,71,4265,2052,221
1493104,4481,20.59,260,171,4,76208,5,68,3883,2197,669
1798189,3973,19.23,293,362,0,149001,4,47,3890,1541,574
1387341,2467,20.52,87,674,1,231226,5,30,4395,1592,300
2300896,2437,10.03,70,111,14,241766,7,68,4187,2196,238
1664652,4914,14.88,265,240,3,195413,3,50,4649,2006,489
1143523,4353,5.99,226,654,4,212909,7,30,5017,2028,552
846237,1800,16.89,306,116,8,65439,4,44,3546,1764,499
1549728,1650,18.58,106,162,10,138266,7,33,4999,2125,369
1000903,2188,10.69,305,352,14,202459,6,49,4118,1791,495
392193,4512,29.1,186,564,0,121361,5,39,3963,1963,552
805950,2167,27.74,206,475,2,212986,4,52,3622,2059,595
1486887,1621,23.05,177,619,4,197286,4,70,4997,1596,329
808153,1254,18.33,458,189,2,29777,4,63,3633,1594,355
1660642,2424,26.75,441,274,3,256427,2,75,5142,1825,273
987409,3572,8.27,471,175,14,157255,5,77,4340,1573,541
940053,4526,24.76,211,499,13,198110,7,62,5085,1835,664
1160395,3947,8.12,131,170,2,181649,4,63,4348,1567,289
1979748,4889,24.86,422,279,3,278011,5,68,4106,1576,266
998168,2990,11.89,196,223,13,62501,4,39,3522,1707,654
781680,1716,26.93,234,480,14,145338,6,49,4065,1720,435
1271375,4786,28.6,348,392,12,166280,6,30,4265,1761,399
2285838,3675,8.72,78,294,12,121544,6,42,4464,1909,667
1392814,2240,16.57,254,327,14,138439,3,30,3734,1830,531
2398404,1535,29.52,389,530,14,255230,4,34,4495,1843,426
1126196,4368,17.09,483,535,0,35362,3,45,4582,1573,664
1834026,4138,26.59,234,560,11,250449,5,44,4687,2136,547
615826,3815,19.72,472,120,7,169357,3,78,4325,2199,432
627359,3689,14.38,493,163,3,126683,5,57,3715,1753,465
306949,1761,12.14,413,264,6,256157,5,60,4706,1831,285
617537,3789,10.08,200,126,1,205827,5,52,5092,1897,301
850222,4648,24.04,305,410,1,202918,7,77,4156,1844,640
1080722,1826,14.66,444,384,5,298451,3,74,4434,2083,680
1664133,4665,17.78,477,380,13,215757,7,72,4613,2167,413
2232247,3663,17.31,152,263,1,107669,4,46,3810,1954,307
1653038,3301,19.43,491,323,14,208030,3,78,4056,1614,364
550875,2747,26.64,298,245,14,158998,4,63,4471,1812,660
763389,1977,29.52,264,129,5,103215,4,42,3756,1727,290
370390,811,15.19,107,144,10,98707,5,43,4032,1744,391
1007689,4164,25.69,492,570,14,92837,3,40,5056,2025,534
553490,3822,24.11,304,133,1,245847,4,57,3551,2027,285
1915952,4171,19.34,379,526,3,227544,6,71,4861,1926,421
1596516,3630,28.9,376,320,6,267614,4,61,4694,1541,562
1856617,842,10.01,472,633,7,227467,6,64,4590,1964,623
1565040,1743,7.73,354,466,14,146025,3,60,5148,2121,300
1859312,3190,26.35,187,649,2,235652,7,46,3799,1777,425
2154971,3345,15.98,403,681,13,91493,3,76,4171,1518,563
950199,3211,26.17,341,215,14,268667,7,38,4277,1565,259
2149396,1804,27.33,76,338,12,217995,7,39,4331,1666,681
928861,820,6.56,130,434,8,188262,3,37,3731,2084,449
961614,1206,27.09,328,540,1,293313,4,50,4474,1902,247
979574,1814,16.21,384,247,7,45641,2,42,4591,1908,316
798870,2638,17.76,341,108,7,154062,4,79,5029,1611,426
966997,3988,20.66,364,387,12,29661,4,34,3527,1773,561
2026351,1514,28.16,66,487,13,144491,5,35,5151,1906,602
1372647,4946,5.48,373,149,3,276601,5,59,4574,1872,655
1931107,4654,16.92,364,616,0,103619,4,60,4783,2096,686
1328455,940,22.19,162,686,12,33085,6,46,4090,2150,232
1212259,1763,23.07,368,377,0,97064,7,40,4284,1538,243
1605794,1172,22.31,252,399,1,181726,5,49,4119,1604,675
1563455,4435,8.36,300,688,13,105723,4,77,4085,1823,364
1712290,3341,12.48,121,234,14,133114,2,38,4501,1913,567
2250367,4410,13.97,76,679,11,33477,6,31,3683,1928,544
2210705,2492,25.11,230,246,13,114161,3,66,4546,2134,491
1901596,905,11.97,84,589,8,159788,4,30,3628,1560,536
1228818,2481,10.27,310,577,12,298162,4,33,3790,2111,543
2454260,4897,28.94,312,258,1,139133,7,65,4000,1806,604
1829297,4816,5.22,446,483,1,139681,6,54,3685,1853,585
1459771,3436,29.95,266,262,5,297515,5,32,3978,1892,486
1385244,2937,21.92,88,540,6,241422,5,38,5094,1703,563
1347172,4216,25.71,176,288,12,270001,5,51,3991,1757,424
1498425,4330,12.37,475,514,6,142692,3,52,4012,1985,485
351745,2086,5.36,341,438,14,8177,6,41,5166,2016,403
2394157,3979,23.45,439,280,12,251842,6,39,4590,1945,371
391865,4454,25.85,203,387,8,89941,5,63,3966,1679,211
1561466,3159,23.51,84,286,5,258121,5,72,3784,1841,506
1372200,1244,8.57,369,237,13,11826,7,39,4100,1632,320
2420473,835,23.84,215,229,7,144962,2,59,4940,1942,632
1522869,2275,24.22,132,293,10,126044,2,51,4623,1752,443
1729551,4757,21.46,179,415,5,189103,4,35,3688,1764,351
2492409,2598,24.15,371,243,1,5495,4,79,4488,1592,351
888579,2645,26.15,380,115,0,28481,6,31,4389,2161,387
1214032,2208,20.34,152,401,4,142339,6,59,3887,1910,594
1867438,2508,7.22,145,522,13,236774,3,31,3740,1637,212
2266382,3738,17.19,395,344,8,137815,3,61,3916,1707,290
1824350,2100,6.94,484,206,7,103475,2,71,3675,2136,399
1217559,2043,15.19,423,187,13,179845,4,45,3886,2072,273
935605,4776,15.18,494,228,12,49476,2,41,4994,1806,455
689593,3897,6.65,177,440,3,223177,2,30,4352,1765,655
1115131,809,13.72,292,103,4,290696,4,37,4756,2145,647
367661,3225,7.77,258,426,12,196314,3,77,4162,1817,475
2020684,2460,25.21,265,509,4,160020,7,79,3951,1612,527
1494682,3431,28.69,472,405,5,207383,7,42,3776,1877,528
2378007,1872,6.81,398,324,2,69093,7,44,4752,1953,270
1607506,4025,28.88,206,447,4,69123,4,73,4694,1690,277
2271206,2116,18.06,484,420,1,16535,5,37,3712,1939,483
1153499,4945,12.49,488,658,9,46562,5,39,4805,1686,329
418033,4483,6.92,330,280,0,256323,5,75,3540,1866,576
930265,4073,17.52,446,485,10,258916,6,34,4645,1588,242
1978050,945,24.86,198,207,0,189607,3,79,4750,1686,207
1515502,3840,22.68,240,630,9,230063,3,48,3793,1631,212
1919135,2262,6.26,489,509,6,41269,6,76,4099,2134,412
731734,2384,6.82,89,395,1,80674,2,67,4790,2059,310
1721796,1282,15.07,116,270,3,285291,7,40,4040,1875,675
2398214,3979,12.38,291,430,4,77095,5,72,3950,2190,490
2492614,2049,10.81,205,592,6,244172,7,49,4972,2191,222
1748021,1430,12.03,494,294,1,200003,5,49,4584,1598,501
1798585,1461,25.09,443,111,13,90925,7,50,5025,1533,453
1070173,4303,28.23,107,294,5,66381,2,47,4670,2081,214
958956,3652,15.13,253,589,0,99468,7,79,4289,1670,329
1747960,3266,27.65,283,281,6,242330,7,39,3833,1865,260
1980963,1787,13.04,195,415,8,13731,4,63,4390,1558,314
767010,2346,16.91,81,129,4,51024,7,55,4665,1680,659
1955016,1449,10.65,65,695,4,116712,4,59,3543,1518,519
1997900,1768,21.01,263,195,3,101121,3,38,3643,1725,507
686193,3437,29.47,298,480,2,265976,6,75,3832,1972,619
326734,1900,20.09,244,543,8,32332,7,60,4497,1594,650
1223875,1240,13.95,419,397,4,12467,3,71,5020,1796,524
2423221,1569,21.2,351,460,7,41025,4,33,4919,2092,266
837198,2143,8.07,394,473,8,144179,7,35,3554,1674,448
1684199,4529,27.22,279,653,4,77994,7,43,4830,1721,374
381264,4706,17.58,175,402,9,94202,2,33,4369,2114,538
323275,2377,16.23,372,520,8,43481,3,55,4946,1553,201
1302163,4808,19.65,108,345,1,75118,5,76,4940,2194,371
2058489,4151,20.62,232,336,8,123714,5,77,5196,1902,684
872735,3149,6.79,141,633,10,224699,2,68,4296,1817,647
2300609,4402,22.07,381,284,3,160185,4,46,3824,1848,664
1212826,2041,11.05,392,567,5,84363,5,48,5194,1942,533
1162522,1925,22.85,104,462,5,211027,5,78,3579,2079,483
1103692,3401,25.56,394,382,5,273958,6,35,4554,2039,674
1461157,1990,25.1,79,652,1,272168,3,58,4484,1781,253
1614532,4931,18.81,280,435,6,194360,4,40,4635,1859,657
721240,872,18.0,182,261,12,57836,7,45,4057,2130,266
1244789,2714,8.57,293,259,5,269579,3,59,4364,2145,619
825893,3272,24.38,280,573,10,255095,4,54,4216,2140,301
2469455,3846,11.79,382,421,13,261176,5,69,5087,1507,319
1294653,1507,17.42,398,111,0,249717,6,40,5173,2062,390
487210,2604,12.11,62,523,1,134479,3,36,3971,1990,608
1162557,4513,8.35,241,172,6,32940,5,55,3573,1840,669
1507094,3364,20.74,265,687,0,5666,4,51,5076,1971,503
968406,3275,6.36,379,300,14,299266,3,54,5002,2186,622
718034,4410,23.72,99,621,0,156164,7,48,4088,2194,246
1333255,3623,12.94,118,604,0,206717,3,60,4910,1748,421
1095543,2535,5.0,498,138,7,26505,5,55,4063,1734,220
840677,2385,17.78,121,159,3,36713,3,71,4956,1582,357
1995041,866,6.17,191,677,3,204354,7,70,4935,1592,547
2032682,3861,11.9,119,420,12,77511,6,65,3966,1893,358
1471459,3228,22.67,431,534,1,212204,6,52,4098,1767,576
2091822,4953,6.57,390,507,10,250694,5,76,5144,1916,571
2266197,1141,25.98,181,485,10,249836,4,42,4491,2131,609
687952,3574,5.1,166,668,10,234561,5,54,4236,2082,434
1330117,3617,11.17,155,177,0,3880,6,31,4493,2028,349
825134,3461,23.52,406,293,11,43539,2,31,3747,1752,604
1689959,2032,12.91,473,384,9,240056,2,45,5104,1621,456
544761,4674,7.55,294,626,8,219057,3,38,4643,1509,364
1247609,3201,14.01,445,623,6,14799,7,57,3566,1815,276
2177109,2294,11.76,121,255,3,104843,3,42,4072,1772,284
364323,1461,26.07,315,439,11,48784,2,64,4850,1805,245
1537715,4683,12.83,108,224,5,113034,6,70,4202,1709,592
1254480,4419,24.72,452,379,13,200598,3,42,3969,1963,600
1154016,2668,27.3,407,227,1,54362,5,60,3992,1915,246
1453113,3134,15.85,218,413,6,53997,7,50,4162,1715,412
1164909,4174,27.75,183,431,1,181413,5,61,3785,1579,678
1915397,1816,14.43,376,249,9,276693,7,63,5131,1979,686
1088260,1007,29.1,266,553,7,216398,6,37,3811,2046,258
1350493,3465,7.23,107,135,7,260464,3,70,3808,1517,253
582762,3293,22.18,468,519,0,157255,7,77,4274,1664,541
1905118,1432,17.35,479,121,12,24624,5,31,4620,2024,211
1716012,2902,14.69,195,305,7,193587,3,67,4464,1701,391
1858506,3759,20.82,260,455,1,234784,3,61,4636,1845,205
871650,3883,22.6,309,539,5,46705,5,69,5160,1865,508
582272,2731,5.11,373,195,12,89326,2,57,3955,1947,343
685925,4519,9.17,416,263,0,68369,7,66,4986,2012,545
1014743,3362,22.83,427,247,4,201893,5,70,3631,1818,460
703081,2479,21.66,488,629,10,271733,6,30,4429,1716,272
678892,1036,29.15,377,393,6,113012,4,70,4464,1533,373
305287,2340,24.03,354,294,12,175858,5,39,4428,1765,431
1606241,4743,28.77,373,579,9,225758,3,33,3620,2139,469
956702,1163,22.56,268,222,0,123711,3,64,4720,1579,627
2285296,3168,12.45,414,499,14,76425,5,39,5005,2176,646
2383592,1085,7.63,270,551,1,15994,4,76,4133,1912,561
2490222,948,24.55,251,203,6,111915,5,40,4396,1751,421
1778050,4837,21.1,103,561,5,104672,4,43,4271,1511,251
1311293,2566,6.2,88,495,2,288783,4,67,4562,1900,315
1390654,1812,14.0,118,436,13,279349,6,41,4065,1781,225
907812,3631,28.92,130,698,9,32930,7,74,4011,1611,252
1086667,3307,17.51,151,241,1,73313,3,46,4997,1877,564
1653649,2323,15.82,324,416,9,224923,3,45,4684,1767,228
1475885,3585,16.44,442,657,3,113153,4,64,3788,1797,218
1678164,3356,10.22,279,626,2,280460,3,31,3699,1816,502
2012503,4525,14.22,449,655,6,232911,2,40,4027,2069,591
1684418,2401,14.25,472,500,7,96058,4,70,4416,2008,478
686594,3208,6.31,460,409,1,87876,3,32,5026,2045,316
1392501,1140,24.19,459,594,9,85366,2,58,4771,1864,305
1344027,3617,15.41,274,655,6,13403,6,47,4906,2046,618
437023,3296,25.55,446,208,7,248550,3,49,4741,1770,678
1435964,2525,26.26,336,471,5,261420,2,76,4610,1973,508
832295,2489,10.3,123,305,5,163004,5,43,4605,2036,426
1783624,4067,21.43,405,142,9,298845,7,63,4585,1733,551
2455748,1061,16.81,351,344,0,252396,5,78,4298,1558,385
2256109,2242,27.0,304,386,3,57241,2,60,5023,1750,460
1173172,1205,10.39,121,454,13,141439,4,69,4565,1585,215
822244,2990,21.95,485,575,0,65030,4,71,3511,1889,472
1761074,1043,20.19,391,182,3,177577,3,47,4332,1679,359
979290,4907,12.38,229,209,1,164404,5,59,4340,1648,557
2155619,1360,8.42,328,289,10,207397,4,54,4142,2082,449
1362636,4937,21.29,326,350,12,105185,4,48,4638,1620,423
2086921,3525,23.46,113,390,4,36404,5,37,4741,2104,455
1867121,1393,12.89,75,300,9,55182,6,57,5172,1755,379
1129735,2626,21.12,67,425,13,295135,4,37,3605,1808,219
1388287,4029,14.88,163,610,8,104601,7,60,4190,1558,311
635484,4087,22.83,118,508,10,178735,2,32,4027,1568,319
1451550,4873,9.98,372,607,14,122002,3,32,4995,1945,393
1750976,933,27.26,99,171,11,225461,4,73,4345,1887,667
989376,3938,12.19,296,346,9,299644,7,51,4392,1585,310
738774,4719,14.19,445,686,2,295929,7,46,3886,1726,409
1214228,872,6.45,153,665,7,84146,4,65,4749,2092,200
1253959,3778,7.79,281,443,2,47997,6,46,3980,2125,257
2489415,2785,17.9,263,153,5,7170,2,43,3907,1683,292
1221522,1592,11.69,197,627,3,144375,3,38,4980,1821,420
1927781,894,25.89,359,631,7,35187,4,59,5176,1817,410
645266,1933,5.37,454,657,10,196106,3,50,4397,2065,627
1838601,1037,14.48,266,292,5,132965,5,41,4210,1898,431
643054,3746,13.43,395,157,7,144825,7,66,5147,1792,461
1616128,3330,5.48,140,536,0,38090,7,61,4138,1792,563
1407955,2760,8.11,277,210,5,253478,4,40,4544,1984,302
1373629,1848,15.34,61,228,0,17509,4,49,5182,1946,249
1751238,3329,17.32,237,425,0,68653,5,64,5124,2191,573
2495875,3764,15.11,455,107,7,168001,6,76,4314,1911,309
1621509,1763,18.27,430,128,14,266186,4,75,4417,2007,655
2232728,1336,19.88,405,211,6,193646,7,40,3702,1743,287
1153088,4479,5.25,338,230,2,299345,3,37,3916,1919,219
2199492,4987,16.6,205,287,5,223354,2,33,3915,1653,213
1380730,4524,29.09,377,574,14,14016,3,56,4971,1923,332
1714397,1342,17.98,283,463,8,287166,6,73,5035,1772,624
2202787,1645,21.94,428,303,6,232034,2,69,3584,2146,495
1145633,4403,12.8,443,311,11,27938,3,67,3666,2019,233
1523520,3836,24.35,121,375,2,174750,3,76,3883,1627,579
1919061,3294,24.32,353,172,13,260710,5,59,3967,1872,407
1796972,3519,18.03,298,342,13,232320,6,73,4595,2067,500
1503358,2684,29.4,254,201,12,187877,7,77,4309,2137,398
2199443,4938,8.14,225,270,5,133058,5,77,4496,1658,279
1739758,4001,5.42,281,287,10,76478,2,56,5044,2070,270
2105468,3510,24.25,120,540,3,127101,7,50,3972,2069,354
2461924,2753,25.18,188,185,13,191996,5,49,4492,2151,277
426108,4650,8.01,232,575,12,205380,6,33,4781,1675,277
2007692,1489,11.64,215,151,2,232200,4,40,3774,2119,371
1631329,2750,5.44,464,210,8,63745,4,42,4543,1710,488
2380154,1256,12.33,437,142,9,132283,2,38,5013,1946,232
637827,2930,24.33,169,310,1,101489,4,33,3989,2085,499
1840889,4776,17.95,328,299,0,31819,5,41,3825,1666,475
2003194,1979,13.7,470,125,14,47779,2,38,4028,1959,566
688349,4365,14.29,415,398,13,213493,7,42,4391,1856,619
1362729,1682,5.03,450,176,1,65584,6,77,3588,1803,206
1949189,1199,12.5,337,236,6,146245,2,55,3985,1732,359
2279079,1408,21.16,133,119,9,248815,7,67,4207,1826,439
694030,2438,29.35,496,539,0,290180,2,71,3849,1681,650
376077,2948,26.18,266,310,5,254957,3,42,4607,2133,622
433515,2182,5.59,447,650,13,71356,3,68,3886,1833,676
1555564,2203,27.46,338,534,6,145364,2,57,3586,1528,223
2208327,1619,24.58,434,306,8,3052,4,48,3806,1592,413
425885,4092,24.51,385,538,14,198910,3,53,4677,2187,269
1196209,1619,16.45,399,141,13,146692,6,48,3939,1829,567
841656,1219,14.95,416,510,7,30461,7,78,4239,1683,415
970688,4102,12.57,399,622,5,282894,5,42,3763,1594,303
2488903,2308,6.64,263,526,2,9472,3,42,4476,2148,414
530203,1567,10.71,220,374,7,112036,2,57,4234,1852,253
1113738,2844,11.17,87,547,6,188674,4,31,3920,1764,493
2351531,2939,17.1,451,468,2,287667,5,39,3992,2146,529
1853731,3829,23.69,316,319,8,161838,7,51,4132,2155,535
495716,2349,16.85,224,676,11,66060,7,42,4492,1518,402
1190695,2564,6.45,122,331,1,271223,3,38,3910,2145,487
300126,3445,28.94,81,427,2,139471,7,62,3672,2125,244
1138761,4516,28.57,129,542,1,278676,7,43,3503,1998,516
800315,3093,24.63,440,151,12,43162,4,77,4353,1638,397
2069246,3508,29.78,464,475,0,273497,4,49,5163,2136,415
1458521,1700,18.61,155,362,3,112313,4,44,4485,2072,680
1599445,3884,29.07,222,366,4,28477,2,61,4995,2024,508
1041426,2809,6.89,138,458,12,155642,7,62,4633,1754,583
798716,1041,14.14,64,416,5,86373,7,46,4560,1584,634
2302324,3185,10.63,375,423,4,169176,7,53,4082,1957,531
2367801,1471,9.9,179,662,0,194442,6,59,4554,2031,383
432717,963,8.52,361,520,2,4551,4,42,3880,2061,226
794592,1264,20.56,237,145,0,68359,5,76,4791,2175,365
1517078,3842,24.53,235,699,10,143988,3,77,4534,1591,517
2254727,3242,19.46,449,368,4,126150,5,45,3843,2099,473
2329454,3155,8.67,276,480,4,172517,2,31,5067,1568,582
2015630,3357,25.28,115,217,11,291829,2,46,5092,1536,564
618408,1345,20.9,425,665,10,107967,7,61,3665,1639,302
768276,4635,14.7,246,215,12,94455,5,72,4199,2179,647
1314920,1393,21.85,291,359,5,258835,7,37,3841,2065,532
2454697,4604,11.5,314,174,7,175405,6,32,5005,1677,572
811411,2259,13.63,472,579,9,239646,2,41,4542,2117,303
1184377,4293,27.94,163,404,11,189937,2,49,5151,1636,613
2410376,3401,12.26,136,106,0,61192,5,45,4479,1689,444
340738,3244,16.75,289,465,3,191758,2,43,4707,2139,504
2198739,3472,27.25,461,622,9,235161,6,45,4044,1841,368
1529336,816,22.69,317,447,10,288137,6,78,4533,2058,315
1317433,3991,6.56,323,537,0,161564,6,72,5115,1504,340
766725,1192,8.68,390,314,8,152053,3,78,3691,1756,617
1474737,1224,5.2,241,528,10,286287,6,62,3819,2161,555
1881530,1371,20.77,440,597,6,191349,6,59,4079,1742,677
1144193,4431,16.19,315,639,6,107044,3,41,3974,1914,324
2387258,1920,8.36,97,466,11,181062,7,44,4136,2126,224
598512,1041,28.95,235,412,4,128406,4,47,3926,1842,393
962143,4697,18.24,86,637,6,69351,2,57,4582,2181,583
1550155,4895,11.05,335,153,11,181071,6,52,4959,1878,299
1296530,3079,17.52,199,640,14,234085,2,43,3596,2093,601
1071253,1588,21.99,358,566,1,233883,5,59,3995,2165,204
2376696,1514,6.91,346,263,13,70309,2,62,4160,2152,218
1678246,3649,11.87,150,433,12,161805,7,74,4801,1645,369
2336915,1575,25.17,120,646,3,119156,3,44,4788,1822,473
683152,4826,16.49,424,447,13,21576,2,36,3508,1621,453
1254652,3047,18.66,406,372,13,3320,2,44,3956,1751,320
2491422,878,15.82,222,513,6,141822,2,71,3772,1810,231
1345482,4726,6.1,410,599,2,103002,4,75,4439,2100,348
2139765,1655,9.14,202,192,1,184535,4,67,4531,1974,465
1891961,2948,16.14,459,178,9,26572,5,75,3707,2069,236
2014331,1831,10.23,312,316,1,280092,3,73,5160,1991,376
2238900,4071,6.25,328,457,12,116528,2,40,4646,2074,541
1595302,4376,26.09,428,606,0,169898,2,58,4556,1846,212
870451,4982,29.53,350,658,4,89051,2,60,5036,1986,382
319816,4256,24.83,246,280,11,290011,2,54,3703,1972,344
1267344,4306,26.34,464,675,5,191303,4,53,4017,1881,464
1504565,1207,11.05,497,345,5,222428,7,48,4016,1779,287
1969595,3511,29.02,473,343,8,257412,7,31,3942,1571,627
1338896,3888,9.92,363,605,3,203305,5,51,5115,2020,661
1874623,2468,28.79,350,521,0,275107,6,49,4188,1865,245
433554,947,29.87,145,419,5,49434,3,62,4349,1593,591
564223,4697,22.79,225,186,14,66617,7,37,4332,1872,318
2268797,2750,29.53,474,316,4,117569,2,54,3838,1838,620
1408252,1165,19.24,467,589,9,207384,7,75,4961,1936,218
2090380,2474,11.49,173,618,5,81494,5,38,4968,1835,646
1963261,3346,15.92,492,377,2,219977,6,63,4659,2163,419
1966471,1362,19.84,415,268,1,77225,7,52,3886,1991,629
1498097,4362,6.83,475,429,5,82867,5,34,4548,1539,432
726752,3289,20.56,242,540,12,168600,4,54,4005,1858,293
888365,1572,29.53,266,490,0,255669,6,37,4848,2073,654
1124690,2837,9.75,315,595,6,90748,5,45,4179,1753,450
1003662,4223,24.81,294,480,6,254265,7,77,4861,2080,449
1605585,3367,27.7,414,405,9,164404,4,74,4189,1897,481
1486293,2373,28.59,62,612,12,129529,5,44,4384,1669,431
1730491,4494,29.0,267,287,6,264395,5,30,4618,2189,245
1899601,4091,18.04,256,615,14,158099,7,51,5068,2010,573
600709,2046,29.43,400,526,11,97382,6,32,4122,1759,245
2200163,4519,23.93,184,601,10,9583,4,67,4669,2083,658
1534816,4639,9.04,197,359,9,50387,2,43,4392,1958,213
1925351,1159,16.92,398,612,0,285248,3,65,4452,2028,284
2264956,3176,22.96,84,170,14,12224,6,47,4754,1840,518
1623062,3809,11.18,127,577,3,227444,4,76,4283,1556,527
1659490,3793,21.02,120,277,12,266285,5,70,3994,1717,202
1427199,1762,21.67,88,556,6,154422,4,47,4561,2118,227
1317289,4432,9.07,442,288,10,136149,3,32,4948,2184,580
2210637,2627,19.13,78,390,8,46015,7,39,5170,1963,356
1207425,2413,24.29,230,619,4,171929,3,78,4246,1746,542
2085910,2440,17.47,133,391,12,232268,2,68,3936,1872,601
952465,3016,5.3,120,382,1,190912,2,76,4891,1916,618
1556182,1177,5.23,486,643,6,5577,3,30,3844,1530,532
376218,1169,13.93,212,476,9,282146,6,56,4683,1867,531
1070044,2996,28.15,335,255,0,50711,6,56,4049,2058,374
1684775,4547,10.72,107,607,6,39451,5,40,5185,2145,313
2035416,1451,20.86,270,512,5,180175,2,78,4319,1607,588
778446,1569,10.55,402,627,6,34831,5,34,4040,2083,686
762052,3221,13.04,467,454,13,249402,2,36,3643,1917,530
2028096,1580,26.2,198,658,12,231376,3,48,4087,2119,449
647739,2516,23.22,169,286,9,244942,6,58,4156,1897,258
772327,4783,7.38,242,130,2,95119,6,44,5099,1771,402
334911,2111,15.72,87,359,14,298977,3,64,3844,2182,514
2222135,4159,5.73,256,520,2,243466,5,76,4792,1615,438
1278039,1322,17.02,250,628,6,223936,5,66,4195,2085,433
1199885,1321,21.56,374,650,12,286542,4,41,3767,1755,502
908746,3120,7.96,448,403,1,61554,2,59,3668,1580,294
616915,1735,12.22,110,138,0,50755,5,49,3532,1627,678
799876,3030,14.95,208,588,8,153412,3,66,3876,1734,340
2262165,4840,27.99,327,641,8,63884,5,32,4737,2052,533
911213,4497,29.83,109,377,6,17482,6,38,5085,1680,312
1068734,3637,6.12,447,302,6,54225,2,70,4963,1656,308
347057,4883,24.03,305,165,2,189921,7,68,5015,1953,561
1616870,3261,14.29,172,207,9,74854,4,55,3892,2070,544
2139433,4043,14.81,229,367,14,41256,2,31,3988,1523,488
2326580,4159,23.86,225,321,1,240617,6,52,4221,1972,296
1008754,1485,27.96,468,629,10,108721,6,52,4445,1899,645
2307954,2960,28.77,73,189,6,81110,6,50,4552,2091,534
444931,4788,19.43,262,354,8,113606,6,45,3538,1633,215
1792252,4866,13.93,347,554,0,14650,3,38,5135,1920,243
701921,2367,24.69,454,352,12,177190,4,42,4696,1712,641
2308960,838,11.28,248,356,13,28930,7,57,4540,1981,575
560910,3344,19.1,461,482,3,216779,6,56,4579,1847,429
387955,2056,13.96,214,541,5,260102,6,46,3725,1665,589
2237878,3790,21.42,114,698,6,273945,5,67,5081,1847,307
507990,2996,11.01,241,189,9,51360,4,65,3566,1897,416
2385259,4268,9.79,269,489,6,147631,2,30,4720,2082,598
838884,3508,27.96,435,681,9,294478,4,47,5177,1934,459
2299652,1101,7.55,134,143,1,236545,4,38,4334,2076,511
1296261,1446,17.65,336,697,13,13288,7,42,4546,1720,519
2005215,2559,10.52,487,118,3,153470,4,69,4498,1807,395
1542845,1397,5.97,192,200,4,207302,7,74,5129,2196,677
2246504,1461,5.9,402,456,13,274335,6,44,3736,1965,617
1206739,2168,9.38,484,641,11,280195,6,72,4456,1598,674
2283851,3381,26.67,118,132,0,61715,3,73,4418,1741,294
2296055,4668,12.06,404,328,0,10737,7,75,5089,1657,255
1605289,4337,28.76,241,623,9,65140,7,33,4661,2109,231
1790077,1082,19.54,465,254,2,156323,2,62,3972,2053,691
843351,4478,15.92,398,522,14,182047,5,53,4052,2150,430
367642,2286,19.5,380,345,14,267291,4,65,5133,1726,571
390093,4882,17.92,123,504,9,50508,2,70,4194,1922,208
1856182,4983,23.97,386,640,2,281787,7,39,5163,1571,390
517215,1260,12.06,319,260,11,103535,2,65,4752,1742,560
2303679,3125,13.83,252,216,7,296952,3,49,3816,2029,399
2055856,4554,27.35,202,370,8,198360,5,70,4097,2088,533
2032465,3268,28.66,163,586,14,58959,7,74,4267,1544,360
335954,2524,27.31,465,271,13,198208,7,73,4385,1971,286
826861,2176,15.49,273,373,10,191812,4,40,5135,1870,220
2344424,3543,24.51,301,358,11,112255,5,41,4060,2151,510
1186040,1314,16.91,490,234,0,86322,3,47,4724,2188,275
622918,1502,17.44,268,521,13,1132,6,59,3757,1591,640
1372328,2453,10.12,152,520,10,169331,2,73,5003,1521,585
416739,2866,19.78,489,285,1,227684,4,77,4701,1671,340
2190969,822,9.65,201,463,9,259427,7,66,4256,2103,325
1586585,3260,13.29,493,477,1,108835,6,49,3622,1691,450
1080316,2104,26.38,463,622,14,142003,3,54,3841,1576,587
1666853,4100,10.18,493,679,3,258228,5,41,4694,1780,283
1314929,1161,6.78,171,295,1,73169,2,50,5171,1863,633
1866847,4527,6.73,476,197,6,260529,4,54,4582,1678,570
1780035,2084,28.52,434,121,12,253608,7,40,4988,1737,247
488456,1314,17.67,118,549,14,234385,7,38,3759,1634,578
2306032,1248,15.24,102,271,8,189973,6,79,4896,1779,277
528504,2655,25.27,266,482,6,100417,6,54,3594,1518,229
1994693,4362,25.9,327,233,11,1044,2,64,4648,2094,484
2344491,3320,13.3,355,525,5,177763,5,61,3540,1870,335
1874486,3881,22.34,177,124,14,231807,3,78,3753,1611,339
873044,2228,24.28,79,602,9,24363,5,43,3506,2175,240
1389385,4767,21.37,281,284,0,283445,5,30,4994,2179,685
1889589,1722,8.79,225,184,10,1620,5,46,4227,1720,481
1016756,3937,26.9,190,666,9,95419,2,54,5034,1803,249
351226,2959,18.48,215,243,8,168606,2,37,5104,1824,457
1526476,3347,12.06,243,511,4,202701,3,34,3568,1936,510
872212,3779,15.63,149,323,10,180324,5,34,4604,1937,559
524137,3081,5.94,153,319,4,22259,2,70,4041,1669,639
1800844,3449,8.2,72,278,5,20655,3,64,5108,1874,469
1229168,1113,24.14,381,532,8,21602,7,48,4785,2056,333
663476,3413,5.0,352,364,12,142182,3,52,3588,1880,433
1700283,3883,15.41,492,528,7,1537,5,38,4731,1513,327
