Area_sqft,Bedrooms,Bathrooms,Location_Rating,Age_of_House,Price
1660,1,4,5,19,247494
2094,3,2,8,22,313942
1930,4,3,4,15,252634
1895,4,2,4,10,262503
2438,1,4,5,22,324342
2969,2,1,1,29,270691
1266,5,3,1,1,191349
2038,5,2,2,6,241660
1130,1,2,8,13,224678
2282,2,2,7,14,331422
2935,3,1,10,3,446757
930,1,3,9,11,239172
2485,1,1,5,3,318253
1569,5,1,2,19,176802
3191,1,1,7,10,390590
2315,1,4,8,27,347375
3233,1,4,7,15,432045
2015,5,4,7,11,341905
1755,3,3,5,15,263140
3124,3,1,2,26,310312
1984,1,1,6,27,247472
1259,5,4,4,24,190802
821,3,1,10,13,231570
3100,3,1,2,5,339507
1547,3,2,9,4,313549
1274,5,1,7,13,236059
1882,5,2,6,9,289372
3358,1,1,5,25,369637
2847,4,3,3,17,344403
1775,3,4,10,2,344971
2606,4,2,10,24,406373
989,5,4,4,5,214786
1362,5,2,3,16,184846
2699,5,2,8,7,407214
2067,4,2,3,1,281047
2328,5,3,7,28,349909
1446,1,1,7,26,224448
2868,5,2,7,12,398270
3014,2,3,7,21,403325
2097,4,2,2,11,242460
3235,2,1,10,12,444967
1400,5,2,3,19,178590
3163,1,3,10,26,449410
2861,3,1,9,12,395010
1041,5,3,3,12,169550
2841,1,1,2,14,297887
3412,4,1,9,2,474446
2163,2,4,10,2,391916
2939,2,4,9,25,405004
2190,2,4,4,29,258691
2278,4,1,9,4,370303
3356,1,2,3,20,337519
1575,4,3,7,23,261768
834,2,3,7,26,188568
3053,5,3,8,16,426866
2755,3,4,10,10,450828
2385,4,1,4,13,286771
1821,4,4,3,2,276029
3413,1,2,3,3,384223
1929,1,1,5,19,246143
2300,4,3,1,6,273338
1502,2,4,10,19,305018
3249,3,4,3,27,349755
2379,1,2,6,21,319621
961,2,2,3,20,150794
1001,5,4,5,19,196220
2781,1,2,9,8,401018
1795,2,3,2,14,206770
3117,2,2,2,10,327793
1615,3,2,6,3,263756
1255,3,4,6,6,255836
2075,5,4,8,29,333161
1816,2,1,2,15,184426
3143,2,1,9,23,411079
1137,3,4,2,23,157369
1678,1,2,1,18,178733
1876,1,2,10,14,314136
1591,4,1,2,19,173921
3064,3,1,7,28,370519
1563,4,1,8,26,269197
3035,3,3,5,10,385410
1179,5,3,6,15,243468
1292,2,1,1,4,155907
1980,5,2,6,23,281316
2862,3,1,8,2,416632
864,2,3,3,3,167993
3368,1,2,1,7,353763
2167,1,3,4,23,274545
1952,4,2,1,16,219736
2827,3,3,8,10,418853
3495,3,2,5,19,418626
2295,1,2,1,28,202084
1962,5,2,8,17,310792
2322,2,2,9,28,339302
3440,5,4,10,19,512113
1191,5,3,2,5,174788
2498,1,3,9,23,356660
1218,1,4,8,20,255046
3136,1,2,7,13,402949
1178,4,2,3,13,184975
2596,5,3,2,11,294200
3078,3,4,7,11,412679
2888,2,2,5,16,341437
2982,4,2,6,15,391427
1000,3,2,4,17,156389
2663,5,1,2,22,281403
1579,1,4,9,18,284842
1302,5,2,3,28,158467
3254,2,1,7,19,412148
2551,4,4,8,4,406836
1604,4,2,2,22,190030
2946,2,3,6,22,380292
2695,3,1,8,23,370565
2370,3,1,7,5,353032
1760,4,2,3,7,238951
3460,4,2,1,2,374654
2285,1,1,6,1,306249
3490,3,3,8,12,465003
1828,2,3,6,10,290347
1302,3,4,5,8,226696
1197,1,2,8,1,249794
1670,4,3,2,12,206098
1192,4,4,1,2,173192
1006,1,3,1,27,102435
1838,2,2,4,28,234461
2681,4,4,6,10,366154
2284,5,4,9,22,376660
1663,4,4,1,17,194771
1363,5,3,1,26,157994
1820,1,2,5,3,252035
895,1,4,10,7,253052
2723,4,1,5,12,325517
2557,3,2,5,8,327502
3332,5,1,10,20,468848
3078,2,1,6,12,368308
2478,4,4,8,3,395500
1340,2,4,3,17,183087
1859,4,3,9,28,331463
3372,3,3,1,9,368479
1983,3,3,4,10,262751
2522,3,2,9,22,363112
2619,3,3,8,6,403458
3425,1,1,10,25,447047
3404,1,3,9,1,466731
2397,5,4,1,22,268545
3493,2,3,9,12,479636
1595,4,2,3,5,232030
1851,4,2,10,13,335851
2443,1,1,9,27,349953
2163,4,2,1,15,245476
2781,1,3,1,22,273270
2154,5,4,9,11,367911
2463,2,2,6,8,338618
2329,5,1,4,5,298885
2838,3,3,7,2,405738
2296,3,1,5,12,288467
3037,3,2,10,28,441326
2208,5,2,7,2,360092
2200,4,1,8,26,322601
2106,2,3,8,16,331675
3480,3,2,1,21,346597
3475,3,4,8,3,477485
1772,3,2,6,10,269812
2568,2,3,4,19,300063
2082,3,2,8,8,341256
1509,2,1,3,7,183910
2279,3,2,4,1,304302
2234,5,2,6,12,317151
1448,5,3,7,29,258602
1117,2,1,4,28,134555
2057,5,3,4,5,306468
1483,2,2,7,16,245391
1463,5,4,6,25,266348
2798,5,2,8,4,402983
2431,2,3,1,17,258366
2295,4,4,10,24,392876
1936,5,3,7,21,296162
2653,3,3,7,2,372192
2320,4,1,7,12,346168
3289,2,4,7,1,451567
1363,4,2,10,12,307736
2091,1,3,10,12,348233
2436,1,2,8,12,348363
1498,5,1,9,19,274379
2960,5,1,9,25,401533
801,3,4,2,17,135164
1441,4,1,7,20,243282
3067,1,1,7,24,364360
2389,5,2,4,24,277962
1654,4,1,9,26,274415
2559,5,1,8,28,347904
3232,5,3,1,11,340869
2461,1,1,2,13,261933
1953,1,3,2,27,196038
1876,5,1,8,8,312803
2507,2,1,1,10,240267
2495,5,4,4,8,339434
2533,5,4,10,20,402589
2239,3,3,5,8,302633
3094,3,1,9,9,419283
1635,3,2,7,7,288134
1002,2,4,8,14,249055
922,2,2,9,28,223312
1200,5,4,7,2,276362
1566,3,4,5,25,234764
1093,2,1,5,11,171721
3127,1,4,10,8,454424
997,5,2,6,13,214553
2730,4,4,5,21,366571
2991,5,3,9,15,451151
1408,4,1,3,28,157299
1947,3,1,3,3,250476
986,4,3,7,23,211356
3311,3,3,7,14,418169
2594,1,3,6,15,344499
1459,4,4,3,2,217105
2755,5,1,7,29,370254
3250,3,3,5,19,392731
2169,5,4,7,12,342456
2786,2,3,2,25,284601
2334,3,2,6,20,321985
946,4,2,8,4,227715
2534,3,1,1,3,259930
2643,5,4,4,5,346232
1288,1,2,1,3,141939
2759,3,2,1,25,267359
2463,4,4,10,15,422778
3398,2,3,8,19,441950
3185,1,4,7,2,442451
1440,2,3,10,12,307345
2602,3,2,1,5,284457
3320,5,2,2,22,340277
2769,5,2,4,17,350311
2998,4,1,1,14,315616
2238,5,1,3,28,253379
2434,1,1,8,27,319706
1062,5,4,8,22,233886
2587,4,2,8,10,387501
2991,3,2,6,3,401537
3193,3,4,6,4,441427
1423,5,1,5,6,241581
1816,2,4,9,24,314870
1680,3,1,4,25,211716
2849,5,2,10,22,427896
2127,4,3,7,16,315946
3101,5,1,1,7,323424
1252,3,2,9,15,260910
1983,4,2,7,21,307832
2856,5,3,10,28,417288
2482,1,2,9,25,357577
3055,4,2,7,20,413321
1954,1,1,2,26,181154
1203,2,1,6,11,217610
2999,4,3,10,22,431384
2901,1,3,4,21,342042
2496,3,2,3,1,295607
1427,3,1,2,5,174568
1386,2,3,6,13,250185
2448,4,3,8,21,372839
2243,4,4,6,14,333506
2245,4,3,9,9,364921
903,2,2,5,17,162328
1053,4,1,2,15,125906
3357,3,3,8,21,442778
2296,1,4,9,7,383911
898,3,1,10,27,226180
3000,3,3,4,22,337108
2684,1,4,6,22,346740
2719,3,3,10,12,414662
1677,2,1,8,23,263711
1137,1,1,9,6,252242
1756,3,1,5,21,233915
2504,5,2,6,16,343697
960,3,3,4,26,146651
2403,2,2,5,5,325297
1197,4,1,7,9,243316
2100,3,4,9,14,370966
1615,4,3,10,8,341552
2327,5,2,6,14,326422
2719,3,3,6,12,358377
2215,1,4,8,10,354041
1958,4,2,4,20,259661
2018,5,1,3,20,238988
1200,1,2,7,26,202771
1439,1,3,5,21,221089
1259,1,3,2,13,158088
1754,1,3,2,29,186347
1269,3,3,6,19,213058
1845,3,1,8,15,295890
2493,3,2,1,8,279261
2885,5,1,6,23,374130
3077,5,1,2,21,329727
1362,5,1,2,10,171811
3285,2,3,7,3,442507
2599,5,3,10,21,412958
2874,3,3,1,3,325885
1025,3,2,6,26,195268
1597,2,4,7,5,292977
3131,2,3,8,16,434476
1759,5,2,7,17,297361
2304,4,3,6,6,325888
1252,2,3,9,26,241777
1615,1,1,3,20,171682
1458,3,1,6,20,229102
1346,1,1,4,16,173840
2015,3,2,2,24,228911
816,3,4,1,2,124902
2043,2,4,1,20,235367
3005,2,2,10,15,436739
3324,1,3,3,18,346492
1869,3,2,4,1,272715
3365,1,3,2,26,333190
2946,4,2,1,29,282701
2568,1,2,4,29,278833
1860,5,2,7,19,297743
3127,1,4,10,12,455098
3344,5,1,6,8,414884
1101,5,2,6,6,215793
980,5,4,9,12,271426
1406,4,1,2,7,190916
1499,1,1,4,18,179978
1792,1,2,5,22,227257
1939,4,3,1,14,217087
990,3,3,8,8,241872
3100,2,3,8,24,425242
1780,1,2,6,20,239504
2806,2,3,5,22,354050
1984,4,4,8,14,345182
927,3,4,3,5,158207
2865,3,4,3,9,343152
2616,3,4,2,8,298337
2558,4,1,5,2,329564
3413,5,4,3,28,370149
1369,5,3,3,16,197832
2146,2,2,6,13,301844
2695,5,3,8,7,410578
1425,5,4,2,16,214143
2486,3,1,4,7,299030
954,3,4,7,27,206399
3337,2,2,1,14,322475
2209,1,3,1,14,236192
1584,2,2,10,12,304847
1045,2,2,7,1,224588
2300,4,2,7,1,340385
2505,4,3,1,12,288348
1337,2,4,1,20,149928
2690,2,2,4,21,311687
2641,2,3,5,15,340664
1720,5,1,5,4,254378
3255,4,3,4,7,384619
1324,2,1,8,16,236552
2329,3,3,7,3,341178
835,3,4,9,7,257520
1484,5,2,7,29,238888
819,5,4,10,24,255255
3168,1,3,1,22,321051
3359,1,2,7,6,431318
1199,1,1,1,16,129842
1771,5,3,7,24,284953
2706,5,2,10,8,431624
3318,5,1,8,23,425724
1966,3,1,9,22,320062
1915,5,4,3,6,284354
1633,3,3,4,10,231651
2623,1,1,4,16,286809
2782,1,2,9,11,391191
1653,1,1,7,13,240447
850,2,1,3,29,111896
1374,2,4,10,6,317429
1948,4,4,5,24,270712
2997,4,2,7,1,410441
3161,4,4,8,21,430857
3417,2,1,1,19,316379
3152,2,1,2,12,325729
2515,4,4,7,24,352848
1481,4,1,2,27,167282
1637,5,1,7,6,269271
1877,4,2,9,18,327063
3291,5,4,2,13,385877
3460,3,1,7,7,426803
3111,2,4,4,23,372973
2395,4,2,2,13,277952
804,2,4,7,21,191480
1926,2,1,5,8,273477
2019,2,4,1,21,203801
1573,3,1,5,17,218184
1676,1,1,3,9,188778
1791,4,1,7,20,284142
846,1,2,6,13,164300
1068,1,4,8,2,256577
1169,1,2,5,4,207624
1435,2,4,2,29,158761
1929,5,2,9,25,323771
2493,2,3,8,2,378110
2482,2,1,6,4,324376
1456,1,1,10,18,267289
919,2,2,7,5,207762
1630,1,3,9,19,299361
2610,5,1,7,10,354892
1881,4,4,3,18,264184
2774,1,2,6,25,333894
2169,5,1,7,21,320806
1540,4,1,2,10,186092
916,3,2,3,5,146155
2653,1,2,4,17,314003
1950,1,4,10,22,345902
2731,3,4,6,13,369356
1812,3,1,1,23,190740
2464,1,1,9,17,360218
1881,3,2,5,9,269197
1433,2,1,7,24,230304
1312,4,1,9,12,274901
1919,4,2,9,14,340762
1941,4,1,1,14,193780
1359,2,1,1,8,154737
1287,3,3,3,23,161408
1696,5,4,6,5,291357
2012,3,2,2,19,222243
1503,1,3,10,28,282328
2270,4,4,1,14,259094
1380,3,4,1,9,181696
3094,5,4,5,7,400111
953,1,3,4,27,135188
2479,2,3,1,26,253437
1796,2,4,4,26,228232
2043,5,1,3,8,244960
1892,1,1,2,14,201859
1808,4,3,9,22,316677
2941,3,3,1,28,304794
2573,1,3,7,14,357934
1757,2,4,4,11,258545
1252,5,1,5,14,206947
2027,5,3,10,21,369720
3065,3,3,5,8,391239
3321,5,2,1,3,349397
3279,5,4,6,28,424236
3188,1,2,9,29,408749
1350,4,1,2,29,150892
2435,3,2,7,23,330872
2112,1,2,6,18,289591
2557,4,2,5,3,336277
1156,1,4,4,13,180461
2870,1,1,4,12,313746
2585,5,2,6,15,356491
3369,4,4,4,18,400251
2581,3,1,5,5,317099
3289,3,3,6,7,415222
2431,4,2,5,11,313509
1815,5,1,7,26,269764
2148,2,2,9,27,324610
1315,1,3,10,11,289406
1135,5,1,7,27,214835
2582,4,4,7,15,389900
3105,1,1,4,10,350097
1296,3,4,1,15,168241
1695,2,1,8,13,275074
3007,3,4,4,14,375478
1651,4,3,1,17,181927
2487,1,3,5,13,303239
2731,4,3,8,10,396053
3227,1,1,4,25,354036
2368,5,3,8,1,393323
1756,2,2,8,1,316724
2436,5,3,3,15,308435
2091,5,4,9,16,370505
2240,4,4,3,12,281198
1991,2,4,1,26,204094
1866,1,1,2,24,187887
1084,1,2,6,6,194276
3244,3,3,10,6,466575
811,1,2,2,12,120695
2430,4,2,6,25,335230
3346,5,4,1,15,363579
1553,5,4,1,4,222030
2882,5,4,5,24,382198
889,2,1,10,4,256800
1575,1,2,9,2,311334
3452,4,2,8,27,449382
2425,2,1,3,24,256955
1217,3,1,3,12,156831
914,4,1,1,7,120621
1416,4,2,3,20,173642
1625,4,2,1,9,182638
2449,5,4,8,9,405891
2316,4,4,1,8,263600
1212,1,2,5,14,199891
1528,4,4,9,1,314020
1475,5,1,7,23,239364
2692,4,3,4,21,315773
3304,3,4,9,23,451293
3039,3,2,9,12,442883
1922,5,4,2,25,246648
2371,1,4,10,2,416657
1777,1,4,10,13,325890
1808,2,3,6,27,251039
2943,5,1,4,4,363053
2487,4,2,8,20,369808
836,5,3,7,18,201507
2348,2,2,7,19,312601
3126,5,2,10,16,468501
3064,5,2,9,27,416597
1672,2,3,5,14,245268
2621,1,1,6,29,300449
2096,4,2,1,8,229190
2909,2,1,6,12,365862
1395,3,1,2,9,184658
2703,1,4,6,6,356354
1528,3,3,9,26,293910
2165,1,3,8,18,330358
1196,4,4,9,2,291179
1498,4,4,10,23,309598
3024,5,1,8,8,429710
2435,3,2,3,24,282698
1195,1,3,8,14,249958
3292,4,2,6,6,423958
875,2,2,6,10,189529
1064,4,4,6,8,236673
3302,2,2,3,17,350362
2619,1,1,10,25,361390
1517,4,4,1,29,167054
1650,4,2,4,12,243123
2190,1,4,10,17,364234
943,4,1,6,13,191722
1684,2,1,10,19,301006
1195,4,2,2,12,172847
2292,3,4,7,16,359129
1967,5,2,7,25,293691
3416,2,2,4,27,359525
1862,3,4,4,5,277938
2956,1,2,1,25,293561
1865,2,1,2,16,189393
2009,5,4,9,25,355585
3245,5,4,10,6,496726
1433,1,4,8,11,262198
1956,1,4,8,17,313013
2038,2,2,9,26,321595
1532,4,2,7,23,259301
1034,1,1,9,14,237334
1550,4,3,10,6,326685
3435,3,3,2,25,368740
1753,5,1,6,23,260897
3339,4,3,3,28,370139
2342,5,1,6,11,319277
1997,4,2,3,12,256379
2476,3,4,8,13,387483
1991,1,4,4,4,280155
3017,3,2,10,7,446053
2216,1,4,6,2,341468
3481,1,4,9,6,497205
2017,5,3,2,6,262888
2340,3,2,2,18,247066
2876,4,3,7,20,400944
2245,3,3,2,8,262226
3186,5,4,2,8,383912
2319,1,4,4,29,264350
2188,5,2,9,8,366426
2656,2,4,8,8,400869
2165,2,4,2,1,273997
1299,4,2,8,2,283256
2480,5,4,4,12,342601
1310,4,3,2,15,191794
1016,4,2,10,4,266311
2124,2,4,7,28,315692
1955,4,1,6,25,265077
2627,2,2,10,3,409793
2610,1,2,5,14,315689
3292,5,1,1,22,329751
2005,4,4,2,23,251241
3014,2,4,8,8,431144
890,3,2,1,13,110841
1513,4,2,3,23,197717
2681,1,4,2,19,298488
838,1,4,5,22,158568
972,3,3,4,5,191283
1452,2,2,7,13,255864
1553,4,2,5,28,215586
2043,2,1,8,26,306734
1881,1,3,4,20,245161
2483,2,4,6,1,355862
3323,1,3,4,16,369014
1255,2,4,2,29,139935
1628,3,4,1,23,173385
1694,5,3,1,24,195428
2184,3,2,8,2,364665
2758,3,4,4,7,365435
3234,5,3,5,6,410274
2796,5,1,8,5,419735
3195,4,3,7,29,396412
989,4,1,8,4,235149
1304,3,4,8,2,282262
2014,3,3,6,10,311669
2331,1,3,10,22,355488
1623,1,1,2,5,197275
1728,4,3,6,18,269072
1733,4,3,1,10,212904
1940,1,4,1,23,200686
933,1,3,3,22,141185
2905,2,2,3,28,298264
1484,2,1,5,15,209987
3020,1,3,1,27,295668
2652,2,1,10,9,414723
1614,5,1,6,11,266387
1972,4,1,7,26,277713
879,4,3,10,21,239000
1002,1,3,3,25,135795
2052,3,1,4,25,228320
2499,1,2,10,29,357574
2050,2,1,10,17,334881
2482,3,2,10,21,376245
2355,2,1,10,9,388518
2894,5,4,10,23,435503
2056,2,1,3,16,239308
2349,5,1,1,6,261161
1966,5,3,8,22,318835
2196,2,2,10,11,358224
1270,2,4,10,23,268600
1835,5,2,2,17,226202
2153,3,4,1,4,247562
1767,5,1,8,29,290976
1157,4,3,7,15,230903
1467,5,3,7,1,282987
1172,3,2,4,22,171129
1831,4,3,9,29,317869
1945,1,2,6,20,269483
2171,1,2,2,1,253725
889,3,4,1,9,119984
1339,5,2,1,12,172895
1668,2,4,9,4,336000
840,3,3,4,28,146247
1539,4,2,5,22,236572
2746,4,2,3,13,333545
3349,1,1,4,7,388790
2024,4,2,8,8,344576
1728,3,2,4,28,216784
2836,4,1,9,13,411678
3308,3,1,9,11,464494
1724,2,3,6,9,263045
2381,1,2,2,25,247717
1189,4,3,10,24,270387
2417,3,3,7,16,345599
1055,5,1,9,10,253937
1508,1,4,6,11,246603
2638,2,3,3,12,315077
2744,3,4,7,28,372020
3297,2,2,5,14,389492
809,2,1,1,19,71242
1597,4,2,3,12,200701
1676,4,2,5,18,239272
1828,3,1,7,21,263372
1815,5,2,3,17,220193
2624,3,1,6,3,346814
1173,5,4,5,1,250677
2993,2,2,1,29,294969
1023,1,1,10,19,241546
2062,3,3,6,29,295513
3024,3,2,8,4,429497
2602,5,4,1,23,282895
1652,2,1,2,28,179140
862,2,2,4,16,147937
2040,5,2,2,12,233195
1488,2,2,9,21,264127
2284,4,4,10,21,396664
2433,1,1,8,13,353718
2952,3,3,8,17,415057
1310,1,3,4,8,207302
1184,3,3,5,13,220704
1204,4,1,4,20,184936
1317,2,3,9,26,261575
1275,5,4,2,5,205987
2800,4,1,8,18,375542
2468,1,2,2,15,257489
2693,5,4,1,12,294940
2260,2,2,10,29,348395
1513,4,3,3,17,206764
882,5,4,9,25,231893
1968,4,1,3,15,251343
3304,4,4,9,2,477177
2701,2,2,7,6,364020
2848,3,1,10,17,404554
850,5,4,1,16,144433
1484,2,4,10,17,308209
1516,4,4,5,25,247552
2269,2,4,9,20,363055
1248,3,1,3,9,179879
1680,5,2,9,27,289810
1287,3,4,5,5,228907
2623,1,1,9,23,368812
2881,5,2,10,1,462344
2942,3,4,6,6,395508
2374,4,2,9,24,370979
3001,5,2,7,14,415751
1049,5,1,7,17,214705
1473,2,2,8,25,254515
1237,4,1,7,19,227843
2965,1,4,9,1,455549
1570,3,2,9,1,323159
1067,2,2,6,13,187654
2784,3,3,7,14,390687
1877,1,4,2,27,211725
1035,1,4,9,6,262598
1188,5,3,1,27,145573
1562,1,3,1,6,175709
2648,3,1,3,1,299672
3248,4,1,6,14,399313
1423,4,2,5,3,231760
2052,5,2,2,23,233171
1377,3,2,9,10,279248
2922,3,2,10,19,417539
1234,1,1,4,19,171779
2950,3,4,4,19,344894
1563,2,2,5,28,198234
2129,1,4,8,23,339509
2945,2,2,10,4,433436
2158,5,3,4,20,270780
3282,4,2,5,19,398357
1246,5,2,4,10,195802
2817,4,2,6,27,357355
2131,5,1,3,25,256784
1048,3,3,8,2,241206
965,2,2,6,4,204572
2158,4,2,10,24,365786
1819,1,4,5,6,258602
1341,2,3,2,7,178366
1558,1,2,10,16,301192
2928,2,4,10,29,414475
2980,2,4,7,7,424770
1596,5,1,2,18,195630
937,4,4,1,20,120845
3031,4,2,7,26,391274
2153,2,1,5,26,270922
2675,3,1,1,22,264287
868,3,2,4,19,139494
3393,1,3,4,9,399500
2900,1,4,10,29,431361
2273,5,1,7,20,323400
1004,2,3,9,10,245998
2973,1,2,2,13,311342
842,1,4,1,18,106597
2706,2,4,2,16,307901
2958,5,1,7,22,372182
1560,1,4,10,17,315763
2942,5,4,6,22,406105
2794,4,4,4,13,342404
2735,5,4,1,12,319997
1699,3,2,1,10,193231
1159,3,3,5,1,222389
2519,5,2,1,8,280853
1080,3,2,7,21,220084
2687,4,1,1,22,276813
1466,2,4,1,18,165536
892,3,2,2,2,147810
1471,3,4,10,16,328401
2769,5,2,3,12,313553
860,4,2,1,9,115817
3481,2,1,9,3,483558
1828,5,3,10,22,334684
2289,5,3,8,26,343874
1403,4,2,5,21,219629
1481,2,1,2,28,147981
3381,4,4,5,4,423575
2228,2,4,6,26,306357
3492,4,2,1,2,372250
3080,5,3,4,8,395695
1323,5,1,9,10,272219
3193,1,3,2,16,326620
3393,3,4,5,23,410769
2768,4,3,1,11,304644
1901,1,4,4,18,250102
2553,3,1,4,22,279815
2636,4,1,6,14,344944
3096,2,2,10,8,444645
2894,3,2,9,23,409057
1944,5,3,3,15,258918
3061,1,1,9,17,411583
3086,3,1,6,21,380173
1879,3,2,7,18,301024
3197,5,4,10,6,508394
906,4,3,2,23,124638
847,2,3,10,14,255657
1136,5,2,6,23,193617
1849,2,1,6,3,269206
2080,4,2,2,7,243819
2855,3,2,2,15,302837
1424,2,2,2,21,167576
2690,1,2,10,24,378550
2076,1,4,1,28,213464
2515,5,4,5,16,343923
1102,4,1,8,16,239036
1438,5,2,2,8,205095
855,5,4,5,7,200410
1525,5,1,8,6,288575
1325,1,2,10,2,296552
1273,1,3,5,22,208057
827,5,4,2,13,146517
2925,1,1,3,12,300679
1164,4,3,6,15,223936
1325,5,2,5,27,209155
2135,1,2,4,9,265603
1682,2,2,4,2,231241
1830,5,4,5,17,289315
1826,5,1,2,27,189521
2446,4,3,9,29,371242
1718,3,1,2,5,219271
3210,3,4,10,11,480123
2574,4,1,2,22,259733
2331,4,4,10,19,401840
2706,4,2,9,24,378194
2015,3,3,3,7,248308
2454,4,2,10,2,415829
1284,1,1,7,16,215167
2875,5,2,4,12,359768
1513,5,3,6,23,253452
1862,2,2,4,15,245003
2776,2,3,10,1,449123
2096,5,3,7,25,329675
2054,1,2,1,13,203570
2933,3,4,3,23,332546
925,3,1,3,6,144996
1336,1,4,1,13,147469
2992,3,4,6,18,394875
2872,4,2,9,3,433418
2403,5,1,8,1,361691
866,5,1,7,15,199074
1032,1,4,10,26,263685
2956,3,2,8,13,395325
1969,2,1,6,5,282209
2958,2,4,9,25,409207
3075,3,1,3,13,329821
910,2,2,10,22,235918
2293,1,2,10,5,389271
2881,1,2,9,28,383029
1422,3,1,4,19,205890
3442,2,3,7,21,420121
3272,1,1,9,24,409697
3460,1,3,2,28,337926
2341,4,2,2,18,247985
2105,4,4,9,21,368227
2561,1,3,3,22,294271
2775,3,2,9,10,403581
3162,5,2,5,24,365309
1676,5,3,6,8,275967
2789,1,4,2,15,312392
2112,1,2,8,21,301719
2260,1,3,9,25,340413
3124,3,4,2,20,351190
2533,4,4,6,28,346478
2405,1,2,6,25,296052
2326,1,1,8,27,326279
3471,2,1,10,23,453696
3363,3,2,5,22,391586
3197,1,4,9,4,476160
2430,2,2,1,2,254076
1960,5,3,9,24,332948
1558,1,1,10,6,308152
1042,1,3,7,28,185198
3390,2,2,4,3,386721
1863,3,2,3,7,250223
1028,1,4,10,10,268200
3395,5,4,6,23,438223
1719,1,4,1,6,202967
2046,5,3,3,16,270894
805,4,4,2,2,141046
1267,4,2,9,24,258291
2555,5,4,3,17,322115
874,3,1,2,13,105549
803,1,4,4,1,178393
2670,1,3,2,6,309996
1445,4,1,1,5,163557
917,5,1,6,25,164535
2429,1,1,10,13,377644
3351,1,3,8,28,412832
2821,3,2,10,23,400204
1746,2,4,10,18,341654
3421,4,1,2,29,331685
2264,4,1,9,12,357441
993,2,1,3,7,138970
1646,1,2,8,15,272746
2215,3,2,8,3,344614
2258,3,3,3,16,272956
3020,4,2,3,1,353229
2468,3,4,6,27,320465
3173,2,3,1,16,321058
2233,1,3,4,24,279147
1941,2,4,1,12,233624
2610,5,4,3,19,309676
1523,4,4,9,27,291543
1024,3,3,5,8,204966
1331,5,3,5,23,204840
912,3,3,4,12,158882
2987,1,4,3,15,346293
1358,1,4,5,2,237264
2848,1,1,4,29,303191
2937,3,2,8,17,393008
1453,5,1,4,7,226118
1119,1,4,8,13,259004
2373,5,3,6,1,371315
2628,3,4,5,6,344262
2717,5,2,4,13,335050
938,3,1,4,11,169553
2826,3,1,4,10,344634
3106,4,3,9,16,452504
1701,3,1,4,27,193730
1489,3,1,9,26,269720
2839,2,4,10,24,419859
809,1,1,6,23,151731
1060,4,1,10,20,249154
2742,4,1,7,17,362928
2473,4,3,10,17,415425
3019,2,3,3,4,355960
2860,3,4,8,5,428654
1991,1,1,3,28,194484
2419,5,3,1,23,274305
1120,3,3,10,14,261242
2142,2,4,5,20,287573
2436,3,2,2,10,285537
3176,3,1,10,14,463506
2794,2,3,6,28,355727
2743,4,4,10,1,464415
2838,4,4,9,11,428950
1918,1,4,1,26,201202
2404,1,3,4,23,295406
3165,4,1,1,18,309477
1035,5,2,1,16,145988
2769,3,1,8,29,366259
1133,5,4,2,27,153285
2708,3,4,1,18,287102
1175,4,2,8,8,265162
1960,1,1,4,28,229416
3435,1,4,3,10,395629
2370,5,4,4,26,313102
3360,1,1,5,10,397865
2119,4,4,1,5,246046
2655,5,1,1,10,285981
2172,3,4,3,18,260472
1672,1,1,6,21,222953
2052,2,2,1,24,203020
3117,1,4,2,6,352584
2651,3,2,7,3,389417
2114,5,4,1,8,244839
1524,3,4,7,9,293744
2852,2,3,4,5,340542
877,4,1,10,29,232179
3421,1,2,6,2,417530
931,5,2,8,2,240901
1400,4,2,9,7,281522
2572,3,1,6,17,341275
1865,5,3,9,10,348237
2936,4,2,4,12,365336
3249,5,1,6,2,414523
3143,2,4,8,10,447620
2663,2,2,9,20,385556
2118,1,2,3,1,257886
1415,1,3,2,4,198684
3269,2,2,6,13,396710
2688,5,2,4,12,333756
1846,2,4,1,11,206442
1374,1,1,8,29,228753
2990,2,1,9,10,406195
1792,2,3,9,15,302943
2992,5,4,2,5,344074
2048,4,1,9,25,316014
1302,1,4,7,17,250276
2797,5,1,5,28,318538
1620,2,4,7,5,304571
2951,2,3,9,2,444385
2770,4,2,8,9,398184
997,1,3,6,6,214633
2469,1,1,4,18,276646
3426,3,3,1,14,350167
3238,1,2,6,19,380919
2002,4,3,3,14,263881
3401,3,1,6,8,408406
2271,3,1,6,17,303128
2446,2,3,4,28,295789
2492,2,2,2,3,289951
2112,1,3,9,29,329441
2835,3,2,2,10,308663
1277,2,4,3,17,193115
2054,4,2,10,27,347781
1722,2,4,1,11,211543
1219,2,3,7,8,250753
3004,3,2,1,1,314794
3397,3,4,9,13,477088
1920,5,4,1,21,237004
1750,4,4,5,4,271452
3136,3,1,7,7,411446
2077,1,3,3,14,239493
3043,4,4,9,5,473656
3445,4,2,8,24,452565
2657,3,4,3,28,296332
1316,4,1,5,11,206241
2458,3,3,7,17,349380
2665,2,1,4,5,308802
1941,5,1,5,20,265577
2732,2,1,3,3,307285
1614,3,2,9,5,304690
3075,3,3,10,26,436808
2700,2,3,9,15,407905
3063,1,2,7,19,381984
2862,1,3,10,16,434121
2894,1,1,2,8,310176
3171,3,3,7,13,413237
929,4,2,7,16,206746
894,3,1,5,3,167038
3474,4,2,9,1,491616
2755,2,4,3,9,326732
1593,5,1,4,9,235489
2634,4,1,1,22,257767
2916,1,3,6,26,351693
2483,3,1,4,17,295199
810,2,2,1,24,90596
2665,1,3,2,2,294972
3397,2,4,3,9,399869
1511,5,2,9,24,291044
2870,3,4,8,19,413453
1614,3,4,7,13,276656
1145,5,4,4,5,204367
3149,3,1,1,9,319075
1162,4,2,8,13,241273
3243,2,2,4,1,377603
3065,1,1,3,25,321331
2988,5,3,9,15,455901
1784,4,4,10,4,349748
2439,1,2,4,4,307648
1627,1,1,4,20,208049
1155,5,4,9,10,295125
2147,4,3,2,28,231499
2663,1,3,5,25,327031
926,1,4,4,6,184087
1403,4,3,9,27,277687
2728,3,2,5,24,324048
1813,1,2,9,12,311655
850,2,2,9,20,210547
2230,4,3,2,16,257255
2592,1,2,9,3,388584
2436,5,1,3,14,300370
2445,2,2,4,1,314678
3267,1,2,1,10,330126
2005,2,3,1,15,217517
2654,2,2,1,7,269486
1366,3,4,9,4,289367
3218,2,1,8,14,416377
1735,3,3,5,24,237065
2734,4,1,5,16,337061
2132,3,4,9,14,357175
1001,5,3,3,3,191712
3160,1,3,3,17,332023
916,4,2,7,21,191208
1736,4,1,9,14,308435
1374,5,4,6,18,254588
3091,3,4,2,3,348027
1336,1,3,1,22,138701
2425,3,2,2,19,252532
2922,2,3,1,3,305369
1185,3,3,10,12,296357
1274,4,3,10,22,288359
1217,1,3,9,5,277669
3194,3,4,10,10,490965
3487,1,4,8,9,472064
1738,1,3,7,1,303892
1754,2,3,3,13,237694
1675,2,2,8,3,304457
1562,4,3,2,19,203199
2002,5,4,2,11,247685
2005,1,1,10,16,337354
1463,5,4,3,6,244046
824,4,2,7,24,174668
2790,1,4,1,3,297113
2003,1,1,8,19,283646
1509,5,3,7,6,272825
2679,3,1,4,8,319455
1984,2,3,5,22,262493
3024,3,3,10,13,459864
1084,5,4,1,12,159539
862,2,4,4,10,170471
1802,3,4,1,3,229090
1461,2,2,1,4,159537
3003,1,4,10,1,465381
2292,3,2,1,13,249412
1766,2,4,7,24,269208
1648,2,3,7,4,286956
1907,2,2,4,22,245255
1488,3,1,2,11,167258
947,4,2,3,19,148151
1141,3,2,8,11,240601
3323,5,1,8,12,456538
1886,3,2,6,11,268378
2524,2,3,10,6,420281
2183,1,4,9,12,354873
3408,3,1,9,27,449599
1126,3,4,4,9,205932
2592,2,3,1,25,273172
2559,1,1,1,10,259921
1789,1,4,10,3,337826
3062,5,4,5,3,420611
3282,3,3,2,20,346039
1751,1,4,6,28,251976
1522,1,3,7,23,257633
2879,4,2,1,16,307621
3132,4,3,6,3,421697
1228,1,2,8,10,236094
2300,5,1,5,24,283978
1085,1,4,7,11,225891
2865,2,3,10,8,451869
1568,3,3,6,6,253797
3437,5,4,4,20,405344
2194,2,4,7,11,343249
993,5,1,10,28,231789
3349,2,1,9,27,418273
1787,3,3,10,21,337450
1936,3,1,10,12,341450
2961,4,2,7,16,383041
2501,2,1,5,18,297575
1746,4,1,7,13,293310
1630,2,3,3,22,201615
2720,4,2,2,3,321892
854,3,1,5,15,144981
1599,5,2,4,22,225247
1577,4,2,5,28,227521
2281,2,2,8,21,331822
2701,2,4,4,14,329647
3009,3,4,9,18,452613
2934,2,4,7,28,376160
854,1,4,10,29,231491
2623,5,3,7,14,393856
2001,4,1,8,5,315970
1632,5,4,6,21,258553
1112,3,3,8,14,250728
2658,4,1,3,25,298141
2807,4,4,10,27,415154
2806,1,1,10,8,413521
3290,3,4,1,28,323529
2590,2,3,6,28,314902
1127,1,2,1,23,119607
3426,1,2,9,15,452400
2087,5,1,2,28,216586
2943,5,3,2,29,311201
1911,5,2,7,15,311827
2111,1,4,2,19,230477
3338,2,2,10,26,448630
1251,4,1,8,20,251668
2323,5,1,6,6,319035
964,2,3,7,19,198659
981,3,1,7,27,175326
3316,5,2,6,25,392574
1709,4,2,10,8,327098
1622,3,2,9,6,312783
1743,3,2,9,20,314609
2801,4,3,7,23,373665
2854,5,4,9,29,417021
1129,1,4,10,15,273605
1574,4,3,3,27,206225
2998,4,1,3,3,338632
946,4,4,1,10,151327
1714,3,1,5,15,251783
2371,2,4,4,24,296055
2108,1,1,2,16,218438
881,5,3,9,17,239050
1313,5,2,3,19,171338
2720,2,1,8,11,382718
2739,4,2,6,16,366715
1545,1,1,5,5,238329
2209,5,1,1,5,239019
1506,5,1,4,26,204473
1270,4,1,3,14,187395
1195,2,1,1,18,113778
2355,1,2,5,26,286829
3108,2,1,6,8,376920
1604,2,2,2,5,205350
1733,1,3,3,7,237622
2079,1,4,6,16,290516
2557,5,1,4,23,292572
1704,5,4,9,14,320735
1876,1,2,5,5,267081
2690,3,3,4,24,304390
2323,5,3,2,9,278952
2187,3,3,6,4,313698
2103,1,4,10,4,384173
1392,5,2,2,16,178072
3479,2,1,7,24,403684
2906,1,1,3,17,311429
927,4,2,9,15,234338
1535,3,4,5,4,272021
3373,1,1,8,6,442465
1320,1,2,6,16,225028
3399,5,1,10,29,477170
1036,5,3,8,4,248971
2104,5,1,3,6,251525
2581,4,4,3,5,320129
2101,5,2,5,16,304613
3341,1,4,10,25,458010
2851,5,2,3,16,341788
1241,2,3,8,10,244982
2876,5,2,10,9,448704
3457,4,1,8,4,454312
1604,2,1,2,29,150713
874,1,3,4,14,139749
2975,1,2,10,4,427180
2889,3,3,1,12,317301
2179,2,1,4,24,257838
840,3,4,4,10,161219
2881,2,3,10,4,457714
2500,2,4,9,18,386803
2201,4,4,3,13,281130
1387,3,2,2,13,170884
2422,4,3,9,14,387114
1141,2,4,9,18,248890
2874,1,4,1,1,324234
1445,2,2,6,21,226369
1530,4,2,10,16,299501
967,3,1,8,15,205869
1409,3,4,3,22,185441
3115,4,1,9,25,433002
2572,3,4,2,5,302988
2840,5,1,6,29,350064
1254,1,2,1,6,152433
2508,1,3,7,6,370403
1501,1,2,3,3,190567
3481,3,1,7,16,445259
2399,3,1,4,12,301325
929,2,3,9,4,257016
2645,2,4,5,1,371891
2186,1,1,3,4,251657
1492,5,1,8,1,290548
2194,2,1,6,21,289393
1593,2,3,2,27,189529
828,3,2,3,27,127671
948,5,1,8,8,224284
2119,1,3,10,24,341766
2858,2,1,7,5,383761
1936,5,4,10,26,367173
986,5,3,6,2,242627
2050,1,1,1,12,199023
2133,5,3,9,22,359262
897,5,1,3,17,147539
854,5,2,5,7,176025
3470,2,1,7,11,426244
1557,1,3,7,4,261956
1205,5,4,3,5,208017
2916,5,4,4,6,366668
2112,2,4,10,11,360505
2585,1,1,7,1,368775
1550,3,2,8,25,276451
2562,2,1,2,10,273472
1164,1,4,9,20,245344
2826,5,3,7,24,393484
1281,1,4,8,21,259429
3048,1,3,6,11,399087
953,1,2,6,24,178607
2324,3,3,9,17,358977
2920,1,1,4,8,322739
3143,3,1,5,27,342176
1840,5,1,9,13,316528
2464,3,3,1,27,245786
2040,5,1,4,20,247958
860,5,1,7,18,198819
1738,3,1,9,27,298172
2439,2,2,10,22,379366
2889,4,3,6,16,371267
824,1,3,8,2,221277
1862,4,4,9,5,342307
930,1,3,10,18,241860
2052,1,2,4,3,276683
907,5,3,1,27,104404
971,1,2,8,22,197848
2258,1,2,2,17,232279
901,3,3,1,16,125201
3371,4,4,7,6,471830
3122,3,1,10,19,435663
2436,1,1,9,7,365005
1840,5,3,9,18,328219
1129,3,3,3,14,180955
2320,3,2,6,6,332542
811,2,3,7,8,211072
2141,1,2,10,15,356514
1015,5,4,9,15,253320
1138,3,3,2,15,160433
2599,3,1,8,16,374804
2550,5,1,7,1,381262
2308,1,3,4,11,300121
3221,2,2,2,27,310973
1509,3,1,8,29,246538
2023,2,2,5,25,269110
3313,4,3,6,5,438049
1912,1,3,7,5,302665
2091,4,1,10,29,341565
1288,4,3,1,28,151943
2361,4,4,8,21,363959
846,1,4,4,6,155717
1577,1,1,9,2,280959
1839,5,4,1,6,224159
1510,2,2,2,14,172393
1200,2,1,6,11,194517
2617,5,1,10,4,428402
1049,5,2,1,24,109666
1190,4,4,4,29,186413
1134,5,4,8,27,255334
1428,3,4,10,25,307459
936,2,1,5,9,165938
2321,5,1,9,24,361621
1626,3,4,6,3,296906
1526,3,3,1,26,172484
2300,3,4,6,16,319420
3441,3,2,6,11,419721
1789,4,1,6,27,249207
3219,3,2,8,4,437736
1734,4,2,6,1,272386
1201,4,1,5,25,170934
2266,3,3,2,21,241162
1414,2,4,4,22,220886
2096,3,2,10,16,346021
1982,3,1,5,19,250841
3467,3,2,10,16,485227
3035,2,4,4,11,357087
1921,1,3,2,26,211622
930,1,3,7,8,200276
1994,4,3,10,23,339301
982,4,1,10,1,271223
1163,2,1,2,26,129713
838,5,3,1,28,96002
3344,1,4,5,21,390316
2172,4,4,1,26,221688
1720,1,1,1,9,170613
815,2,3,1,28,94940
1292,2,4,6,27,230797
2249,5,4,9,12,399084
1931,5,4,10,22,370043
1110,2,1,1,8,122302
1538,4,3,5,26,230093
1345,1,2,9,17,254873
3261,3,3,9,10,453057
1050,5,3,1,27,128820
1558,3,1,8,7,290199
2604,4,4,1,19,297736
2097,5,4,8,25,342941
2431,3,1,1,6,258329
2714,4,1,5,21,327661
1613,1,1,8,24,254226
828,4,1,6,24,180158
1757,5,1,9,28,287612
2832,2,2,1,28,267387
1276,1,3,9,19,268031
1117,3,3,1,18,132663
1044,5,3,10,15,263147
1547,2,4,10,2,341185
1496,4,2,3,14,213845
1071,2,3,1,21,131963
2571,5,4,3,10,316665
2062,5,2,2,28,225438
3224,2,2,2,16,341823
1065,4,4,9,7,287948
1720,2,2,8,8,293115
1139,5,4,1,10,169320
1188,5,3,4,15,194160
3424,3,4,1,8,368803
2850,3,2,1,13,287790
1965,1,3,4,12,249703
1175,5,3,2,8,187049
2833,3,1,3,15,310715
3171,2,1,9,26,400929
945,4,2,2,12,140885
2781,2,4,4,11,347225
1092,4,4,1,19,130493
1231,3,2,2,14,168696
1504,1,3,5,27,214162
2798,2,2,10,18,410857
3432,2,2,1,13,329220
1198,2,3,7,4,244935
1763,4,4,4,17,255219
3034,3,2,6,19,369880
2841,2,4,8,27,401565
2628,2,2,6,9,341720
2908,1,3,2,23,297040
1738,1,3,1,7,204999
1509,3,1,8,1,279805
1606,3,3,8,7,307030
2263,5,1,9,26,339646
2125,1,2,6,7,289593
810,5,4,1,20,132177
1885,4,3,9,7,340037
2668,5,3,3,8,340048
3073,2,3,6,16,386201
3411,5,2,10,3,492765
1571,3,1,10,13,313383
2394,4,2,9,10,390785
2407,2,4,3,18,279607
2133,5,2,5,7,310552
1684,4,4,5,21,247643
2189,4,3,10,21,382951
1025,2,4,7,5,245230
1624,5,4,4,23,247047
3065,4,1,4,25,356049
1736,4,4,7,27,290307
3353,1,4,9,24,442324
3106,4,2,4,22,348346
2711,1,3,4,7,333576
2596,5,2,6,25,332125
853,5,2,6,27,179003
1526,5,3,7,22,261425
2344,3,3,1,17,245585
1843,5,4,3,4,260355
2713,4,4,9,24,420071
2576,2,1,6,23,305037
2396,1,2,6,16,322050
2714,3,3,5,19,333855
3266,5,4,3,10,380489
1649,5,3,5,3,286218
2909,2,4,1,27,303667
3063,2,1,3,3,346906
802,3,1,4,28,128882
959,1,3,5,17,157549
1580,5,1,10,10,331916
1692,3,3,9,17,308659
2830,4,4,4,22,346217
3176,4,2,3,17,353928
1379,3,1,10,21,274734
2733,5,4,1,4,314708
2180,3,2,10,21,348350
2090,5,2,6,23,288861
2440,2,2,7,6,350328
1751,3,4,10,12,336057
3482,5,4,8,25,459065
1787,3,3,1,22,207544
2018,3,2,4,25,253059
1720,5,2,5,20,255043
2155,5,2,2,17,260116
969,1,3,1,17,99205
1320,3,2,8,10,255055
2286,4,4,6,7,340954
839,3,2,5,29,140548
2360,3,1,9,16,350389
2218,5,4,2,29,246113
1754,3,3,10,13,339245
1783,3,2,8,3,316774
1774,4,1,10,2,351415
837,5,3,9,16,234151
3175,3,3,1,6,353365
2074,2,4,7,6,332493
1999,1,3,8,13,321003
2425,4,3,3,7,304371
1713,3,3,4,5,254243
1253,2,3,3,24,173260
836,3,2,7,7,209516
2511,3,2,9,2,390342
1595,5,2,3,17,224481
1772,5,2,6,13,284616
1392,5,1,8,25,254877
1937,2,2,6,21,264387
2124,3,3,2,28,243969
3071,1,2,7,27,384362
1117,4,2,2,21,144271
3196,5,4,2,28,356168
2962,5,3,2,16,334894
2146,3,2,1,26,212472
2391,3,2,1,20,235901
2689,2,2,7,2,379631
2887,2,1,5,5,357557
2796,5,2,3,18,326780
2572,3,4,1,28,257675
2112,1,3,10,7,351108
2085,4,3,6,11,320711
1015,3,2,1,25,107203
3183,3,2,9,25,425132
2939,2,2,2,11,319106
3200,4,3,1,22,319798
3418,5,3,7,17,437017
2504,3,1,6,16,330393
1162,5,4,6,13,244752
3404,3,1,5,22,376421
2516,5,4,4,5,353121
1993,4,1,4,20,249696
1155,2,3,3,16,160222
990,4,1,10,28,238134
3269,1,4,8,22,421195
1499,2,2,7,22,257006
2854,4,4,9,16,436781
2980,1,2,1,16,278469
1356,3,3,7,14,264577
1625,3,4,10,6,348938
1854,5,1,4,2,259145
3382,2,4,7,14,439197
1225,3,2,1,16,146214
3210,2,3,5,23,375067
2374,3,1,3,20,271425
2929,5,4,5,13,390891
3203,4,2,4,15,363361
1388,5,1,2,12,176614
2812,1,3,4,9,347959
2347,3,1,3,26,241500
1094,1,3,1,18,131730
2785,1,1,10,21,406419
2047,2,4,8,14,325318
2348,3,2,5,20,301339
2490,1,4,4,25,311720
1936,4,4,10,4,385652
2056,1,3,5,8,289260
2864,4,3,4,8,368510
1159,2,3,3,22,174600
1499,1,4,5,22,236425
1247,5,1,4,16,177797
3212,2,1,1,27,295983
1474,4,4,3,24,201674
1807,2,4,10,28,328767
2149,1,2,10,29,327705
3314,3,3,8,28,419740
3261,3,3,7,10,439187
1385,4,4,2,25,184696
2056,4,4,1,21,244403
2047,3,1,3,27,218476
1793,4,4,5,17,274590
2235,2,1,10,1,387021
1371,5,4,1,18,184719
3182,5,2,3,10,377851
2045,2,2,3,26,243446
2884,5,1,5,21,352578
1788,1,3,3,4,227304
1077,2,2,9,1,264029
2019,4,1,1,4,223220
2687,2,4,4,4,347691
1283,3,4,10,26,290490
2065,4,1,10,4,356636
1530,3,3,4,17,205763
3039,4,1,1,9,312663
1840,5,1,2,19,215665
3371,2,2,1,13,329689
1717,1,1,6,4,266443
3248,4,1,3,5,380483
1685,4,4,7,29,276905
821,3,2,5,13,180511
1273,5,4,9,23,286555
3057,3,4,7,16,412265
3153,3,3,4,22,353962
1503,5,3,5,5,262321
1486,1,2,5,8,216290
1084,3,2,5,16,197060
1515,3,3,10,1,332368
1562,4,3,9,23,296921
2050,5,3,10,28,351126
1747,2,3,3,6,223870
3228,1,3,6,11,401856
3307,1,4,8,16,442928
1830,5,2,9,5,335010
828,4,4,7,16,216274
1706,4,4,3,7,255766
2926,5,1,1,19,301445
3306,4,4,4,1,413992
1369,1,3,6,9,221568
2806,1,3,3,18,318563
2253,2,1,1,13,211966
1537,5,1,6,26,233082
1315,3,1,1,15,140160
2800,3,1,9,3,425650
3244,2,1,1,24,314445
838,2,4,6,28,166244
1686,4,1,1,10,179959
3004,2,4,7,9,420229
1898,2,2,3,13,241326
2623,3,1,6,16,327463
2510,4,1,7,3,348314
1773,2,4,1,22,185878
2362,2,2,1,23,229986
1788,4,4,5,15,280364
820,5,4,6,17,194967
3150,4,1,9,14,427198
1668,3,3,1,7,203004
883,5,3,4,20,178617
2482,1,4,10,16,399526
2776,4,1,8,21,369546
2210,3,2,10,8,372365
2330,5,3,9,4,408040
1369,4,2,3,20,184218
1733,2,3,2,24,194823
2780,4,1,4,15,336318
2655,1,4,2,5,297787
1592,4,2,1,13,187498
1591,5,2,3,6,228284
2609,5,4,7,28,379496
2094,4,2,1,27,197117
3339,5,3,2,5,394041
3055,2,4,1,17,318616
2407,4,3,8,7,377600
1883,2,3,5,6,270917
3277,2,1,8,2,433078
1784,3,3,3,11,221751
2480,4,1,7,7,361991
1319,5,2,8,22,244120
1390,2,2,6,21,212825
1850,3,1,7,8,282094
2509,4,3,2,5,304643
2835,4,4,8,27,394027
3046,1,4,5,18,367675
3234,1,1,7,22,393178
1148,2,2,1,16,119283
1759,1,2,5,14,231262
2763,2,4,1,12,304426
1492,5,1,8,17,271858
2359,2,4,4,5,307367
1177,1,3,4,14,190684
1326,5,3,2,6,192022
3053,1,1,5,15,341468
3302,2,1,1,7,329789
2059,3,3,9,14,352397
2675,4,2,5,18,336010
2563,1,1,6,1,336747
1320,2,3,2,6,171806
2501,5,3,10,3,431996
1816,1,2,10,5,343495
1813,1,2,1,12,202540
3348,4,2,4,11,406683
916,2,2,7,13,200553
3233,3,4,6,16,406631
2167,5,2,10,18,363459
1383,2,4,1,17,161714
1194,5,1,1,17,125107
1887,1,3,8,29,284910
871,4,4,4,11,189939
1073,4,1,5,20,191278
2813,3,1,7,10,387865
2143,4,4,8,29,345346
1137,1,1,10,16,255473
2189,3,1,7,2,330455
1406,2,4,2,17,168591
965,4,1,4,22,139129
2367,3,2,10,20,379546
2858,1,2,1,10,281904
2124,5,3,10,13,368914
1528,5,1,9,12,299523
2843,1,3,3,15,305520
901,1,2,3,7,142412
2215,5,2,10,27,368805
1578,3,2,9,22,287425
1013,5,1,10,21,242313
1911,1,1,3,26,196370
2376,4,2,8,28,331019
3248,2,3,2,13,343980
3435,4,3,3,12,385658
2495,4,4,2,12,292762
1391,1,2,1,28,124078
2133,5,3,2,2,259454
1909,3,2,8,5,317966
2939,4,3,9,25,412431
1513,5,4,2,25,186914
1735,3,4,7,2,322223
2751,4,2,5,23,346335
1041,3,3,3,26,149184
2843,5,1,9,20,415019
801,2,4,6,13,188838
3072,5,2,1,29,313281
2568,1,2,5,3,325900
2749,3,3,7,11,380926
3436,2,2,4,16,378723
2963,3,4,8,1,432957
1717,3,2,10,19,305545
3041,4,2,5,11,388467
889,1,1,9,9,214217
2509,3,1,9,14,376412
2969,5,4,9,9,445497
942,5,3,1,7,151922
905,4,1,2,16,122837
1686,1,3,3,3,226667
1227,1,4,4,29,170260
2128,5,1,10,19,366414
2695,2,3,9,4,406866
2794,4,1,10,7,421244
1116,4,4,6,23,216412
2786,5,4,1,28,297569
1434,5,1,9,12,296892
2725,2,3,6,18,355409
2856,2,2,4,28,304392
3070,1,2,4,5,366707
2239,4,1,3,23,246745
1352,4,3,7,23,246989
1515,5,2,3,22,186885
2087,1,4,2,26,215183
2513,4,3,10,10,427213
2683,1,2,8,12,363886
1907,1,3,4,8,258655
2141,5,1,8,19,329056
910,1,3,1,15,100077
1050,2,2,5,1,188170
3230,2,1,9,3,441301
2854,3,3,1,27,286019
1258,5,4,4,18,205752
1907,3,2,6,18,262056
1007,2,1,10,2,263052
1699,3,3,8,5,309816
821,5,4,3,29,137717
1209,5,2,5,1,236068
1694,1,4,7,10,277924
1314,4,3,1,20,163782
1608,1,3,7,10,258667
1673,5,1,8,5,292890
813,2,4,8,18,214228
1770,2,1,9,21,295000
2934,1,2,6,26,344476
2360,5,1,6,15,327452
2124,2,2,2,20,217011
2066,5,3,3,8,274191
2969,2,3,4,17,349422
1549,5,4,4,12,246150
1484,3,2,8,21,262259
2727,5,3,1,27,287467
3156,5,4,10,12,498523
1494,1,4,4,26,205236
3135,3,1,4,1,379323
1106,4,4,1,26,131323
2789,1,3,3,26,293108
1461,4,1,5,4,219108
1348,2,2,6,8,227611
1111,4,2,9,1,278929
1882,5,3,9,27,336304
2537,4,3,9,15,403007
1554,1,1,1,18,144953
834,1,1,9,1,211670
1244,4,3,8,11,268362
2940,1,3,2,23,289357
2782,1,2,1,2,276362
2030,4,2,1,1,243910
1152,3,2,6,12,202833
1702,3,3,9,16,318339
2155,2,4,7,22,333745
2548,1,3,5,22,302557
958,4,3,2,10,137520
2777,1,2,1,18,276776
1756,5,3,2,15,232328
2871,1,1,1,17,283582
1203,1,3,3,10,187685
1315,3,3,6,3,248726
2187,4,3,8,26,341975
3379,1,3,3,21,374741
1755,3,4,10,16,345137
2999,2,3,9,6,449103
2512,3,1,10,3,395154
1407,3,1,5,9,227775
3267,3,3,7,11,439542
2073,1,2,8,21,318851
2335,1,4,3,13,271674
3425,2,3,2,18,344417
3182,5,3,2,26,355816
2241,5,3,5,22,292677
2597,5,2,1,28,250845
1094,2,2,2,24,131037
1554,5,2,9,27,295399
2194,5,4,7,22,338110
985,3,1,6,4,184922
2069,1,4,9,22,322449
1436,1,2,7,24,239834
2091,3,1,5,8,275734
1329,3,1,9,13,256463
2868,3,2,6,10,387452
1593,1,2,6,2,249169
2947,5,4,4,8,378180
1277,3,2,1,6,147099
2422,2,1,5,16,308118
1739,3,3,9,18,306666
1325,4,2,8,17,258619
3181,3,2,8,6,428121
801,1,4,5,13,168917
1174,3,4,9,23,248189
3140,4,2,3,14,361235
1352,2,1,3,26,146429
3165,5,1,1,21,319038
2325,3,3,9,10,388622
2651,4,2,6,24,356551
1180,4,4,2,11,170060
2446,2,1,8,13,341357
813,1,3,9,12,227574
1303,3,2,9,9,284840
3078,4,1,2,4,334088
2808,2,2,2,7,292477
929,5,2,7,24,200946
1637,4,1,4,29,196408
2840,2,1,1,22,270054
827,1,1,8,2,211073
2913,1,2,2,7,304873
2052,4,2,3,29,247193
1060,4,3,5,9,201992
2846,3,4,3,5,358739
2272,2,2,7,15,312490
2247,4,4,7,18,353354
1259,3,1,2,4,171583
1100,3,2,7,19,205920
3134,4,3,6,20,403332
1429,1,3,10,26,271698
1069,2,4,9,7,273167
3439,2,1,9,26,425333
2793,1,4,2,8,325933
2428,4,1,7,17,342407
2601,2,3,5,13,347290
1661,4,4,6,24,275504
2080,4,3,1,21,235793
2980,3,3,7,28,372386
2599,1,1,6,23,303092
2506,4,4,4,11,318702
3360,5,4,1,27,342317
3160,1,3,9,1,465975
1375,2,3,4,2,225810
2803,3,1,2,17,300704
2107,2,2,8,5,320210
2756,2,2,2,6,303016
2820,1,3,5,26,323466
3012,2,2,6,25,372570
3152,4,2,8,24,420099
2455,2,2,1,7,264973
2379,3,2,1,28,226053
2647,3,3,4,21,306874
3003,5,2,5,15,369672
2190,3,2,9,19,332293
2542,2,1,7,16,342172
2725,3,3,7,25,364571
1419,1,4,8,13,259224
2074,3,4,5,5,301145
1756,4,1,5,3,268882
2739,1,1,1,3,274769
3181,5,3,9,19,450615
1768,4,4,6,14,294297
3358,2,2,9,16,439905
2116,2,1,3,22,232784
1843,2,4,5,17,262982
1081,4,3,2,27,154520
2966,4,2,10,4,462960
1858,4,3,5,13,267662
997,1,1,8,8,217936
3332,1,4,2,19,365984
1882,2,4,8,5,334266
1984,3,4,4,2,281631
1808,2,4,10,15,330925
2029,5,2,10,2,388618
1835,1,2,1,11,184088
1289,4,3,5,13,216756
1075,1,2,1,23,103602
3089,4,1,7,10,410392
2039,5,1,8,3,332911
2074,5,4,3,5,301595
925,1,1,3,3,129462
1016,4,3,7,6,225606
2008,5,2,4,13,260997
2046,2,2,3,10,252340
3342,2,2,8,19,424223
3274,4,1,3,8,374798
1718,1,2,7,18,263556
2117,5,4,2,3,285681
2998,1,4,1,24,310908
3231,2,4,6,24,415000
2461,5,1,8,17,354838
1107,1,2,1,8,129490
2159,3,1,10,10,371535
2769,4,2,9,2,429468
1691,4,3,3,12,215896
1174,3,3,3,23,169352
2833,2,1,4,6,323850
2164,5,4,1,2,283381
928,4,1,9,21,235859
1814,3,4,3,23,223622
2599,3,2,10,24,379777
2181,2,4,4,3,302079
1316,2,4,1,17,163932
2318,1,2,4,29,268846
885,4,3,1,7,136879
1998,1,2,5,29,247974
3158,3,1,5,21,376615
1942,5,1,7,5,322342
3274,5,1,8,23,441814
2793,2,1,4,1,348460
2961,5,1,7,8,401319
1102,5,3,4,12,201844
1387,5,3,3,14,204943
1786,3,4,6,16,279721
2663,5,1,4,10,323453
1144,5,2,3,15,169770
1613,5,1,9,21,299679
2787,1,3,5,24,325178
2110,3,1,7,26,294477
2799,2,3,6,15,366728
2477,1,4,10,10,412800
2127,4,4,5,21,287730
1892,3,4,7,28,305008
3208,3,3,6,7,403631
1809,4,1,10,26,313720
1503,4,1,2,3,206849
1374,4,2,3,2,220086
2408,2,3,2,6,284842
1912,5,2,3,21,248286
1487,3,4,1,9,196698
3432,5,1,8,10,466518
3436,5,3,6,4,443732
1288,4,2,2,27,140230
2147,2,2,8,3,337124
1293,1,2,6,9,228463
2467,2,1,7,24,309073
2437,5,1,1,22,238747
818,2,1,7,17,178373
3244,4,3,3,14,375138
1800,1,1,8,10,296882
1650,4,3,6,13,271365
2188,1,2,4,12,256712
2154,5,2,8,27,321922
2167,1,4,9,1,363724
1621,1,1,10,28,285824
1254,1,2,2,22,152433
2424,2,1,6,29,286318
1510,2,3,5,19,215695
2990,5,2,5,19,382014
1716,1,1,10,6,311129
3452,3,2,3,13,377939
2296,5,2,8,19,357058
2240,1,1,8,13,318746
1104,1,2,5,27,175792
1535,2,2,8,26,260052
3138,5,2,10,22,465729
2763,1,2,8,21,380316
2949,1,3,3,4,327691
2809,5,2,2,24,308462
1761,3,4,9,2,329291
1826,5,2,2,15,214049
2932,5,1,9,12,435549
3175,3,4,4,27,382179
2273,5,3,2,7,279684
3301,1,4,10,20,453899
2747,5,4,1,18,307685
3476,3,4,4,23,403115
1977,4,1,9,13,319464
1464,5,1,9,17,283345
811,2,1,4,4,162173
1956,1,3,9,25,328050
1103,1,1,6,14,194661
2563,2,1,1,20,253476
842,2,4,10,28,244040
1743,5,1,6,13,271781
3190,2,2,9,3,450420
2149,4,1,2,26,211456
3345,3,3,6,26,413481
3211,2,3,2,18,342138
1690,2,2,4,14,225534
3274,4,3,8,15,459504
1804,1,3,7,3,288485
820,1,4,9,1,239794
1206,5,2,7,26,235621
3466,4,4,1,24,360565
1814,3,4,2,17,234668
1135,3,1,6,3,204760
2638,4,2,7,14,377774
1947,3,1,3,3,237091
3246,1,1,9,13,447078
2627,3,4,7,15,367112
1514,3,3,6,18,233252
850,4,2,6,14,180995
1123,4,3,1,21,125389
1588,3,4,5,26,226140
940,2,4,10,3,271602
1269,4,4,3,19,191516
1586,5,4,7,8,308832
2625,5,4,10,4,453994
2157,1,4,3,4,288945
2716,3,3,5,19,346502
1763,2,1,7,11,272044
1172,1,3,3,1,172354
3341,3,2,10,8,489092
2492,4,3,2,15,297774
1979,5,4,6,1,338563
3138,2,3,8,7,447033
2471,5,1,4,21,302782
905,4,2,9,20,226534
2243,3,3,8,20,356627
2481,4,1,7,24,344916
801,4,3,7,11,210824
3436,5,2,3,27,370347
3491,2,3,6,29,408878
2937,4,4,5,14,378901
1149,5,3,1,22,152676
2086,2,1,3,16,246064
1862,3,3,1,14,211821
3006,3,1,4,12,351611
3159,1,2,10,17,440575
1244,5,3,3,14,189799
3145,2,2,4,10,358139
1751,4,2,9,24,295039
835,3,3,3,29,111885
1907,2,1,6,14,270861
2275,5,2,6,18,313913
2598,1,2,7,22,324881
2645,3,3,9,9,410711
2208,2,3,7,17,326704
1995,2,3,1,6,221671
2199,2,3,8,8,352250
2508,5,3,5,26,324668
2185,5,4,9,13,368455
3406,5,3,10,18,486358
2988,4,1,5,5,375824
2100,2,2,5,6,286473
2043,3,1,2,21,208405
1320,5,1,3,19,176936
2606,5,4,10,4,438041
809,2,3,9,7,242631
1783,5,2,7,4,312029
3225,4,1,1,25,310010
2456,4,3,3,11,298078
2460,5,3,2,12,289661
3431,2,4,1,14,362719
2999,2,4,9,13,440352
1519,2,4,8,29,281314
1872,1,2,5,10,268057
1658,5,1,2,18,196918
2116,2,4,1,16,240960
2403,4,4,7,5,375057
849,3,4,2,8,140523
3378,3,1,1,14,337768
945,2,1,2,5,125900
1714,3,4,7,26,292077
2262,3,4,7,28,329039
3089,1,3,10,24,446834
1380,4,4,6,8,263995
2384,4,2,5,25,296517
1282,1,2,3,26,162050
2049,1,4,3,6,249525
1472,3,1,9,16,261455
1430,5,3,4,28,200650
1461,3,1,9,4,277338
3266,1,4,4,12,378773
1787,4,2,2,11,208510
2346,3,3,4,3,299151
1449,5,1,6,12,249448
1768,3,1,6,5,279041
3437,2,4,5,6,437215
1900,3,3,1,19,213300
3356,1,2,3,18,345281
1240,4,4,5,16,216136
1720,4,3,6,23,268721
1569,1,1,1,11,149685
2143,2,4,9,5,364146
2626,1,1,3,9,289490
1062,3,1,10,3,282011
2377,1,4,3,8,296211
3484,1,4,2,6,392993
3306,2,4,8,4,458400
1798,3,4,3,12,251321
1499,5,4,6,12,274177
3149,5,1,2,25,321319
2403,4,2,7,21,334789
2041,1,2,4,16,246948
1925,4,4,9,10,352996
3401,2,1,10,22,450715
3135,5,2,9,14,438069
1990,1,2,7,13,286498
3468,2,2,8,9,448536
1805,2,1,3,7,210233
835,1,4,5,12,183240
1543,2,4,2,5,199998
2564,1,4,10,18,397961
1152,1,3,7,4,225536
2722,3,3,8,2,393722
872,4,3,9,3,255370
3495,2,1,7,26,402370
2176,2,2,10,12,359963
2714,3,2,10,3,435932
1893,3,1,8,4,316004
3272,3,1,9,6,458091
1507,5,4,6,12,261716
2604,5,4,10,19,414590
3408,5,3,2,10,370277
1755,1,3,2,1,219818
3364,2,1,4,17,379630
3275,4,3,9,16,448343
959,1,2,7,9,207045
2996,2,1,2,25,281843
2535,2,1,8,21,356057
2385,3,2,7,9,330682
866,3,4,9,27,223307
3228,1,4,8,23,427786
857,3,2,3,9,148844
1141,2,2,1,12,117184
1953,3,3,2,23,224298
1995,5,1,2,9,224352
3461,3,3,4,15,407534
2032,2,2,6,2,311342
3201,1,3,4,11,371057
2294,4,2,9,11,384305
2621,3,3,4,8,337455
915,2,3,6,23,173227
1461,4,4,6,6,255356
2265,4,2,10,21,370579
3300,5,3,10,20,473425
2668,4,1,1,7,283665
3134,2,3,8,3,441839
1816,2,3,3,8,231954
1110,3,1,6,18,187330
1007,3,2,3,17,146649
3465,3,4,2,11,387316
3293,4,4,5,2,436391
1432,4,4,1,25,161635
2902,5,1,9,21,418525
1456,3,3,7,27,236959
2223,1,2,3,24,249382
2731,5,3,4,19,346318
3362,1,4,6,7,439097
2479,4,3,3,18,292042
1036,5,1,7,8,217202
1147,5,1,6,14,198509
3474,2,2,9,7,482125
1429,4,2,5,28,200601
2340,4,4,4,21,294618
2803,5,2,3,28,323872
2071,4,3,10,27,353561
1163,5,1,1,4,139275
3168,2,1,3,17,330658
1085,5,1,3,5,185332
948,4,2,7,12,209632
1907,4,1,7,9,283818
3253,5,1,1,26,329128
1255,5,1,3,20,177395
2566,5,4,8,13,410465
1599,3,4,9,25,301503
1984,4,2,7,28,304247
1812,4,1,7,18,267690
3307,3,2,8,20,437382
2323,5,1,6,9,322356
3356,2,1,3,4,353398
1280,5,1,1,21,127903
2486,5,2,7,27,340398
2961,3,2,1,8,310943
2401,4,1,1,1,273549
3208,5,3,9,17,457587
1140,4,2,10,25,256455
2810,1,4,7,9,390992
3296,4,2,4,20,370391
2666,2,1,6,13,344913
1634,2,3,1,2,212127
2003,5,1,7,13,316740
2525,4,4,6,9,373527
2489,5,2,4,20,299416
1110,3,2,7,6,218741
1061,2,1,3,28,119510
2242,5,1,1,1,258658
1205,3,4,4,28,191954
2990,5,3,3,25,349480
1141,4,4,1,5,163294
2139,4,3,2,3,260520
1043,4,2,5,4,204689
1289,4,3,8,1,280459
811,1,3,1,14,94262
1360,3,2,4,9,200712
841,3,2,4,24,129225
1393,4,2,5,4,227921
2252,1,4,7,18,322959
2626,4,2,8,14,387784
2493,1,1,6,25,312765
933,4,2,1,4,117732
1747,2,2,7,25,262762
872,2,2,3,10,140368
1198,5,3,6,3,250961
2228,4,4,8,23,349652
3425,3,2,7,7,445025
929,5,4,10,10,293199
2611,2,1,6,13,334372
2801,4,1,9,4,413278
1065,5,2,9,18,259349
2360,4,1,1,11,253395
2785,2,4,1,25,270952
1592,5,3,1,4,209950
3100,2,2,8,24,414063
2112,1,1,10,14,335408
963,2,4,7,18,223089
894,4,4,3,8,170244
2605,3,1,2,27,253849
1933,2,4,4,10,260986
3183,3,4,3,5,367775
1621,1,2,7,23,240092
1037,5,4,10,7,297666
3228,5,1,8,12,439372
3330,3,2,6,25,397499
2760,5,1,3,3,316921
1848,2,3,6,26,250386
2476,3,1,2,4,291509
3329,4,1,7,10,423890
1763,2,2,10,4,338653
1336,2,4,7,15,264470
2403,2,1,4,29,253935
2779,4,2,8,10,409590
927,1,3,4,21,160291
891,5,2,7,22,214466
1342,3,2,4,16,184459
1645,1,4,5,15,241438
2481,3,1,7,19,329590
2651,5,3,10,29,418259
3294,4,2,3,20,371229
1189,2,1,10,19,264561
2684,2,1,5,18,327682
842,4,2,3,26,135209
1053,1,1,5,12,160733
1883,1,2,3,25,223640
3314,3,2,10,16,474396
3134,4,2,7,1,421734
2340,1,3,1,16,240648
2753,4,2,9,2,428152
3192,5,4,9,24,452463
1441,2,1,5,15,208035
3229,2,3,9,7,461010
1489,2,1,10,28,282747
2076,4,3,6,1,324219
2750,4,4,5,5,386834
1879,3,3,3,10,230646
2286,2,3,8,22,332147
1256,3,3,4,21,204515
1782,2,1,10,4,319343
2930,3,2,3,14,320891
1922,3,1,6,13,277933
948,5,2,8,1,260127
2152,3,1,9,16,325350
1979,4,4,6,23,306254
989,3,4,5,9,203151
1682,2,3,2,22,198499
3110,3,4,2,16,336441
1199,1,3,9,19,258436
1408,2,2,2,15,168686
2595,1,4,2,26,270061
2438,2,2,3,14,284109
2375,4,1,3,20,258405
2948,4,2,4,10,356063
2182,4,1,7,21,298217
2203,1,2,9,12,353507
1619,5,2,2,28,172376
1619,2,4,4,1,262788
1219,4,2,9,21,266846
923,2,4,2,17,129010
1221,1,4,10,9,279729
2308,5,3,1,23,243019
2397,1,3,10,19,365357
1567,2,1,8,25,261364
2844,5,2,9,18,408853
3330,5,1,7,28,422151
3366,1,2,8,7,433516
3002,4,3,4,9,368693
2939,2,3,4,22,328495
2349,3,2,2,26,254403
3302,3,2,8,21,425889
2564,1,3,2,12,274836
2844,2,3,9,7,414876
3445,2,1,4,14,391217
1309,1,3,1,15,133333
2006,2,2,4,15,249761
1185,4,1,3,6,167693
2397,1,2,6,21,296699
3252,4,4,7,14,429249
3093,2,1,8,2,410388
1541,1,2,2,8,197690
3497,2,3,6,13,425931
2711,1,4,6,23,354707
2246,2,2,10,6,370331
1700,4,1,5,5,242982
2912,4,2,10,5,457793
3060,2,4,10,25,454488
2809,1,1,7,1,375376
1041,3,4,3,9,165643
3340,4,2,4,6,382546
3185,4,3,10,20,466378
2820,3,3,9,26,405929
972,2,2,4,7,159818
1471,1,2,3,9,178508
963,2,2,2,5,137166
1264,5,1,5,14,214811
1296,4,4,4,5,219110
1499,5,4,8,8,308725
3242,4,4,7,7,453224
1502,4,2,6,13,242662
2740,5,4,2,13,337559
3155,5,2,3,8,362688
2591,2,1,10,11,402647
982,5,3,9,28,247118
1428,2,2,9,26,270669
3357,2,2,5,18,384713
2531,2,3,3,25,280821
1345,4,3,2,19,179976
2387,4,1,8,6,363058
1423,5,4,6,22,241626
1393,4,2,10,2,316478
1543,5,4,7,28,279565
2568,4,2,1,13,261979
2259,1,1,1,23,221965
2748,1,3,10,25,392699
3401,5,1,2,28,358617
2868,4,3,10,26,430204
3401,4,4,3,11,411482
3244,2,4,1,1,352762
3472,3,1,5,24,404387
904,5,3,3,2,178236
3039,3,1,1,17,290590
816,3,3,8,8,217164
1192,5,3,6,2,235577
1224,4,4,9,6,301442
2976,5,4,3,22,357003
1371,3,3,9,5,307445
2876,4,3,9,16,413441
1920,1,3,1,8,197817
1041,5,4,3,19,176336
3079,5,4,6,16,413985
1588,4,2,8,13,288386
1514,1,3,4,26,207698
1558,1,2,5,20,219512
1575,4,3,9,7,304204
3047,2,4,6,16,389827
878,5,2,7,23,202410
1655,5,2,7,16,276807
3314,3,1,4,29,360440
3428,4,3,4,12,393910
2239,3,4,4,14,310798
3296,3,1,5,24,387602
2934,1,1,5,18,332551
2948,5,3,8,27,415196
1831,3,1,9,28,303892
1644,1,3,2,18,175716
886,4,1,7,16,197500
2890,3,3,1,20,309420
1207,5,4,1,16,153855
2468,3,3,4,13,316608
947,4,3,10,26,237859
3124,3,2,7,29,396905
1031,5,4,2,9,183013
2750,1,4,2,26,295188
1165,5,4,1,28,135868
2474,1,1,10,9,384927
1235,2,2,2,13,147220
1198,5,4,7,29,225531
2034,5,1,9,4,343840
2214,4,1,6,9,306942
3346,3,1,10,15,466631
3387,1,2,2,14,361585
1362,1,1,10,19,257890
3289,4,2,10,12,485855
2084,4,3,9,21,349552
1572,3,1,7,26,253281
3197,3,4,1,25,317270
2837,5,1,9,6,423737
3367,2,3,2,3,372357
2143,3,3,4,26,275424
2985,4,1,9,25,403262
2373,3,3,4,22,281029
1791,1,2,3,20,203787
3215,2,2,1,16,313380
2046,5,1,7,20,311393
1159,1,2,6,24,180768
1720,1,2,10,23,300595
3176,2,4,4,17,387199
3310,5,1,6,16,418226
1762,4,3,6,6,278331
2627,5,1,4,8,339681
2413,3,2,6,19,318896
2440,1,4,10,25,379965
3016,3,1,8,26,387916
1016,4,1,3,2,171326
1177,3,2,4,14,173276
918,5,2,10,22,239809
989,3,1,1,12,109486
1169,4,2,4,17,197662
2601,4,2,10,28,397305
2996,4,2,10,27,428942
1451,5,2,9,15,305284
2682,4,2,8,18,390003
2311,1,4,4,16,301707
1569,4,2,7,13,278535
3221,3,3,10,21,463389
1580,3,1,3,17,194353
2516,3,4,9,8,394515
3007,5,4,10,1,472796
3198,3,2,4,29,365563
2111,5,1,2,25,221898
2049,5,3,10,26,370415
1322,4,2,5,27,192755
1321,1,1,2,3,167019
1582,4,2,10,16,324961
3120,4,2,6,28,368376
1735,5,2,10,2,343288
3030,5,2,1,15,329285
2488,3,2,6,1,359385
1287,3,2,4,9,202192
2650,4,2,3,16,320567
1645,2,3,2,4,206248
2971,2,4,7,12,401191
3261,3,3,9,1,470772
2803,2,2,3,1,324570
2548,3,2,6,7,341540
1485,5,3,9,18,312106
2960,4,3,2,23,317250
2969,1,4,7,28,368523
2367,4,3,5,23,322239
2045,3,4,5,15,304008
838,3,2,7,26,171090
3344,4,1,9,25,430123
1579,3,1,4,13,216824
2056,2,1,9,16,318687
2996,2,1,10,7,445057
2727,3,2,9,16,401164
1101,3,1,4,13,171232
3085,2,3,3,14,352960
1446,3,3,2,17,188969
1462,3,1,9,12,277219
3083,4,3,2,29,309125
2559,1,4,6,24,337325
3050,2,2,5,24,355039
1055,4,1,5,20,184941
1397,1,1,4,13,176348
1461,3,2,6,24,228517
1034,3,3,5,20,171983
2168,4,2,4,15,290904
3381,3,2,9,24,460669
1569,5,3,6,21,262267
3388,4,2,10,4,504220
1012,1,3,10,22,238807
1262,4,3,10,2,306434
3283,2,2,3,28,330019
1082,4,4,10,18,285792
2286,3,3,6,2,332144
2230,3,2,1,25,234367
887,5,3,5,15,183554
1867,5,4,10,26,355917
1260,5,4,6,19,245249
3125,1,1,8,15,414609
3268,5,3,9,26,447444
2524,1,3,3,20,292166
2176,5,2,2,10,248198
1314,1,3,4,28,178858
1502,4,1,8,24,247151
2453,4,4,8,20,368371
2866,3,4,3,11,339166
822,1,1,4,26,130495
3260,2,3,3,10,363122
1853,3,3,10,29,315971
2630,4,1,2,23,272407
2955,1,2,4,5,348215
2104,5,4,6,9,325201
1934,2,1,5,20,251293
2983,4,1,3,19,314757
1161,3,3,2,13,159265
2976,1,4,9,18,421519
2699,2,3,1,17,268238
2084,1,1,9,27,297972
1314,5,2,1,6,180312
1248,3,4,7,10,268556
2723,1,1,6,2,351446
2306,4,1,7,24,328696
2047,3,2,3,6,264698
2655,4,1,3,28,294342
1673,1,1,1,28,161785
3320,3,4,4,21,390296
2228,4,4,2,13,261046
3149,5,4,10,18,465497
3078,5,3,8,7,454711
2554,1,2,3,2,291619
1722,3,4,7,29,268178
2959,2,3,7,14,397119
1836,3,3,9,5,325083
2216,5,2,6,18,313668
3347,4,2,1,11,352844
3445,2,1,8,10,450086
3081,1,3,1,11,319417
3449,2,4,3,27,381501
1113,1,2,5,2,192783
3413,2,3,8,15,441697
3056,1,4,9,7,436354
2797,1,3,7,9,371352
1837,2,2,9,5,318739
2456,2,1,3,7,296502
3434,1,3,5,20,397454
2578,5,4,10,2,449474
1814,2,2,8,3,309202
1893,3,1,1,2,206153
1924,4,4,8,21,327983
1497,1,4,7,22,253682
2979,1,4,1,23,285102
2204,4,3,10,19,362906
1955,5,2,10,4,363333
1843,4,4,6,24,279610
2729,2,3,1,20,268404
3383,4,2,2,7,356448
1813,1,2,5,28,221497
1026,4,3,2,22,147183
2628,3,3,10,7,412655
2292,2,4,1,17,253775
1621,4,2,6,19,240995
2823,1,1,8,22,359486
1670,2,3,8,16,293540
3252,1,2,8,3,429461
3049,5,2,6,15,404919
2885,3,4,3,14,353453
2595,5,1,1,15,255977
987,3,4,2,14,163730
1880,4,1,5,7,272291
1740,2,1,10,25,313121
3120,4,3,5,3,403136
3430,3,2,10,17,490641
3363,3,2,1,10,337863
1325,3,2,1,15,149306
1135,1,1,9,29,210196
1878,2,2,2,6,220275
3347,4,3,7,28,438312
3383,4,1,10,17,459592
961,5,1,4,17,166722
1393,3,1,7,14,243004
2738,3,1,8,24,356714
3006,3,3,5,25,361507
859,4,2,1,18,120927
2701,5,3,4,25,343301
3058,1,2,10,5,449096
1205,2,3,3,29,142574
1463,1,4,10,8,317508
1932,4,4,5,7,286982
1899,3,4,10,23,335245
1341,2,4,10,4,299006
2137,4,1,6,18,298012
1797,4,1,2,5,232749
1940,4,3,7,16,297840
1667,2,3,3,14,226196
2866,2,4,1,27,297471
1231,5,2,10,27,273170
1539,5,4,3,19,207940
2173,1,3,9,14,362474
982,2,4,10,9,277897
2960,2,3,6,6,387141
2006,2,4,6,17,287015
3328,5,2,4,19,371574
1969,4,4,8,12,354115
1630,3,2,5,4,257332
2451,5,2,7,16,348405
1936,2,3,9,25,313254
1275,5,2,5,11,221784
2126,1,1,5,22,266789
1770,2,1,4,4,234236
1819,1,1,6,17,257936
1941,2,3,2,8,241012
2636,5,1,3,14,291902
960,4,3,1,27,113219
3248,3,3,2,2,381532
997,1,1,2,11,134422
2083,5,2,8,11,329962
1459,4,4,8,24,277775
2575,5,3,2,22,276017
1870,1,1,6,24,250170
2810,3,3,5,6,351573
1198,5,2,3,21,170192
2533,2,2,5,21,320776
2382,4,1,5,14,297783
2925,5,3,5,10,375817
2971,4,4,3,26,344006
874,2,4,3,27,121558
2984,3,3,4,8,366601
1401,3,3,7,7,271003
1636,2,3,2,8,196593
2328,4,1,10,28,347172
1299,5,2,4,8,225668
2396,2,4,4,23,309760
937,1,1,1,2,117886
2897,4,3,10,27,425131
2594,3,3,8,16,369885
1772,2,2,1,9,193651
2442,3,3,8,13,379887
2685,4,1,7,23,361947
3101,3,1,9,12,432361
2828,2,2,8,27,374494
2700,4,1,5,22,338389
3410,1,4,8,25,448411
2249,2,1,10,29,337022
1346,5,1,3,17,170363
1721,2,1,10,27,302070
1380,4,4,7,2,269085
2172,2,3,4,13,266532
2756,1,1,5,1,329311
2803,1,2,9,26,394002
2896,5,4,7,28,406145
1503,3,2,4,19,198649
3108,4,1,6,11,391384
3203,4,2,10,5,466816
2425,3,1,7,1,351038
1437,1,4,10,20,304981
1809,1,2,9,13,306655
1440,2,2,4,8,216912
3459,5,1,10,6,503959
2661,5,1,3,29,303494
2005,5,3,8,17,323225
1485,2,1,1,12,141006
2651,5,1,9,1,407152
987,3,3,1,3,140923
2419,2,1,2,14,261922
2487,3,1,8,26,347062
1784,2,3,9,8,332817
1347,5,4,7,11,266707
2231,3,4,3,27,279419
1675,3,1,7,14,261405
1417,3,1,6,8,226843
3261,2,3,2,29,339345
2165,4,3,3,3,295899
2043,5,4,10,7,390856
1702,3,2,10,28,290274
962,4,1,5,19,161898
2774,5,2,10,4,440782
1069,5,2,4,25,160318
1431,3,3,2,16,186449
1705,3,1,4,13,228392
2814,2,1,8,20,373715
2441,4,3,5,19,333469
1004,4,2,5,5,191499
1381,3,3,10,23,279096
2379,5,4,3,5,302875
1640,3,1,8,20,279889
2636,5,4,6,24,363522
2051,5,3,2,4,265485
2519,3,1,2,2,295165
2442,1,4,9,26,364791
3443,4,4,7,13,465425
3097,5,2,10,16,456395
1674,5,1,9,22,286084
2264,1,4,6,2,322113
3043,2,4,5,19,374112
1489,1,2,1,17,140788
2810,1,4,6,5,382827
3486,5,4,6,25,446434
2222,4,4,3,18,284488
2801,1,2,3,28,300443
1471,2,4,3,23,192124
1971,3,4,3,21,248916
2295,1,1,7,18,319029
1743,1,1,10,8,311597
3046,2,2,2,27,300850
2249,4,3,10,15,378054
3339,1,1,10,13,462594
1695,1,2,2,13,201049
2989,4,4,3,16,357923
2136,2,4,10,22,362596
964,1,2,7,20,193324
3161,4,4,3,13,376755
2868,1,4,7,20,378047
1905,3,3,9,2,346619
2553,5,4,10,3,436712
3152,3,1,4,15,344789
2738,1,4,7,23,378668
1170,2,2,9,19,242907
2680,5,3,8,13,387669
1652,3,4,8,5,304172
1183,4,2,9,26,263649
2731,2,1,5,22,306617
3292,3,4,5,6,422316
1224,4,3,3,14,179003
3008,1,4,5,4,384111
1428,4,2,8,22,275692
1694,3,3,5,19,252597
3337,3,4,4,23,375414
3174,1,1,8,7,428593
1397,4,3,7,4,274964
3136,4,1,6,2,413779
1392,1,2,5,27,183086
2487,4,4,5,7,357120
1372,1,1,10,3,290393
2875,2,2,2,15,299067
2890,3,4,4,1,380199
2504,2,2,8,2,381180
3270,5,1,8,10,451815
976,5,2,1,16,137964
1328,5,3,2,25,165473
2433,1,4,5,28,289696
1765,4,2,9,15,314377
2317,2,1,10,24,368116
997,2,4,7,15,222092
3457,2,3,10,14,490018
1652,2,4,5,22,256617
2337,5,3,1,14,260209
2869,2,4,6,6,382585
1880,4,2,8,14,317567
897,5,2,7,17,221611
2703,2,1,2,18,285047
1234,1,3,5,20,202151
1436,3,1,4,19,192175
1387,3,2,9,17,262017
1143,3,3,10,16,282708
2117,5,1,1,8,240707
2779,2,1,6,7,346449
1370,5,1,3,20,167312
1410,4,1,9,28,253896
2527,1,1,5,12,306215
3090,1,3,6,9,380044
2654,3,1,9,27,384991
3408,3,3,9,14,474120
1759,3,1,8,20,295853
2879,2,2,9,1,426718
3238,4,2,4,10,372467
3124,4,1,6,17,387121
1331,4,4,5,17,237075
1977,4,2,5,17,284844
3230,3,3,4,4,388091
1891,1,1,2,17,195351
2701,3,3,6,18,342456
1683,4,4,9,20,309424
3061,3,1,1,23,290562
2478,4,2,7,2,368215
3223,5,3,6,8,441155
3060,1,2,3,13,332963
2926,5,2,1,23,301302
2549,2,1,4,25,278170
3475,3,3,9,22,462438
3451,2,4,2,20,369227
1581,3,2,3,22,205089
2905,5,1,2,15,309444
1680,4,1,2,20,193631
1246,4,4,10,23,303107
2913,3,1,8,9,408837
2583,4,2,3,3,308974
2077,5,1,7,3,337743
2791,4,3,8,2,426840
1867,5,3,3,1,257398
2377,2,2,2,14,269274
1811,5,3,8,17,302918
3074,1,4,3,13,349023
1573,1,1,7,19,226745
2614,1,2,1,23,255252
3448,3,4,6,15,435435
3226,3,1,9,27,416466
2001,3,4,3,25,242158
2250,5,2,7,14,344690
1106,3,2,6,2,208846
1578,2,4,8,7,313391
3351,1,1,3,17,344002
3115,5,3,3,18,357947
807,1,3,4,6,158059
3355,3,4,3,27,377344
1275,5,2,9,21,261660
2120,4,1,4,8,264208
3011,2,1,6,28,365057
1284,3,2,8,27,232876
3414,3,3,8,2,459877
1704,2,1,5,1,244435
1358,2,4,5,16,212223
2767,4,3,6,7,383383
3085,3,4,10,22,463904
1927,3,3,7,24,305737
2033,1,2,10,11,340534
3401,5,4,7,15,469181
1267,5,4,4,13,214868
3233,1,2,6,24,374314
1647,5,4,7,2,316381
3234,2,3,5,14,397609
1058,5,1,5,24,187957
1082,5,1,2,6,167346
2449,1,2,7,9,341116
2698,4,3,6,28,364140
839,5,4,1,7,132634
3333,5,4,4,18,406544
3067,4,1,3,24,341450
1814,1,4,3,9,241282
1412,4,1,7,23,242708
2715,1,2,10,4,431417
1487,2,4,4,9,222390
1412,1,3,8,4,270847
3107,2,4,9,12,456353
3213,2,1,3,4,354709
2581,1,2,5,25,296821
2610,3,1,4,24,292553
3391,1,4,10,20,484383
3496,5,1,6,14,430458
2347,5,1,10,24,358486
2730,3,2,4,24,313104
1952,2,3,8,7,320015
1374,3,4,3,26,187755
2710,5,2,5,13,342260
1812,3,3,1,22,188724
1469,1,1,6,8,239265
1068,3,3,5,23,183867
2083,2,1,8,5,322672
1723,1,1,9,12,304677
1925,4,2,8,13,330554
2329,5,1,8,29,346826
2558,5,2,3,20,293106
2394,3,3,4,14,313878
1046,1,3,4,28,141012
2360,4,1,5,18,291030
2978,1,2,9,27,407037
3200,5,1,9,24,443813
3043,1,2,10,25,426669
2739,4,2,1,20,267464
1729,3,2,8,4,297637
3492,2,3,1,21,336481
1026,1,2,2,18,133512
1064,2,3,7,7,233650
2195,5,2,8,15,358477
2257,3,3,1,21,226035
1445,3,4,3,6,216233
3058,1,3,7,16,399713
2218,3,3,9,20,359640
2273,1,1,8,24,327549
2187,1,2,8,8,338054
2699,2,4,9,28,392939
3304,3,1,10,21,449264
2049,1,2,3,16,233358
1781,2,4,8,28,281221
1954,4,4,1,22,210576
1387,2,4,8,16,275707
1275,2,2,7,3,259764
2621,1,4,8,17,370267
1785,5,4,1,9,233524
3003,5,1,6,25,360342
2041,5,3,7,3,351280
989,2,2,5,20,175248
2240,1,3,5,29,262226
1780,3,1,7,7,284716
2498,2,3,3,18,281491
2515,2,4,6,12,346066
3393,1,4,7,19,433287
840,4,2,1,16,101428
3154,2,2,2,22,328363
1742,4,2,4,27,224834
1137,4,1,8,24,225503
2137,5,2,10,17,358713
1898,1,1,6,20,255875
3126,4,4,1,15,340013
1695,1,3,10,1,346012
3120,5,4,5,2,422230
3467,1,4,7,8,452302
2474,2,4,6,22,329596
1730,4,2,9,25,302198
1088,1,2,8,2,248420
1523,3,2,4,19,207595
3119,1,3,5,9,378100
2753,4,2,7,9,392591
1889,5,1,8,13,319143
1282,5,4,5,6,257151
1735,4,3,9,15,319728
3095,2,3,10,19,436551
955,2,3,4,21,142980
1870,5,3,4,15,257565
2758,5,3,8,18,409299
3301,4,1,1,7,330537
3048,2,4,8,26,425959
2483,5,3,5,11,337815
923,2,4,1,8,129969
2848,5,2,4,6,352694
1767,1,3,2,8,220115
1654,3,3,4,2,245050
1439,1,4,8,19,260433
3038,5,3,5,16,375003
2402,3,3,1,7,278436
3363,3,3,7,10,456151
1241,5,1,1,12,160200
2744,5,1,9,17,402799
2638,2,3,3,7,325649
2629,5,1,3,22,303006
2990,4,2,6,8,382480
1332,5,3,10,7,312259
3074,4,2,6,4,398117
2136,5,4,6,3,351187
1748,2,2,1,19,175681
2819,4,4,5,15,365155
1259,1,3,6,4,231659
1350,4,4,8,25,274487
1192,2,4,1,9,145089
2587,4,2,5,13,321489
1644,5,2,3,18,203282
3057,5,2,2,21,337959
1938,2,3,8,16,300734
1445,3,3,7,1,280893
3066,5,2,10,4,465063
3254,1,3,7,18,404706
2266,2,3,5,8,307650
2177,4,4,9,20,357470
3405,4,4,5,16,418792
3397,1,2,2,21,341268
941,5,3,3,11,175877
3459,2,4,4,20,411059
1300,1,1,5,21,168091
1639,5,3,3,21,212211
2482,2,1,7,21,314288
2365,4,2,5,27,292354
2846,2,3,5,19,351025
2330,3,2,6,23,312374
1395,2,2,7,19,246336
2704,3,2,10,18,415471
1080,2,2,10,19,254923
1223,3,2,8,11,241845
1069,4,3,9,3,288874
953,5,1,4,8,159127
3461,3,3,5,20,421841
2550,3,3,5,19,335368
1461,4,3,8,10,285134
2767,3,4,9,16,425669
882,1,4,7,5,214626
2249,4,3,5,20,309989
2098,1,1,3,9,253529
3131,4,3,1,8,344720
1779,3,2,9,11,322866
3020,1,4,5,16,385345
2459,3,4,9,7,392015
2198,4,3,10,15,387165
1432,3,3,4,24,201233
2331,1,1,5,29,271670
1586,1,1,4,21,184450
1197,3,2,2,20,147018
1943,2,3,1,23,193527
1733,4,3,8,17,312947
2260,4,3,4,6,292274
2652,3,4,5,15,348730
3312,2,2,6,8,403414
1085,1,1,8,7,239164
1064,5,4,8,2,262589
3167,5,4,7,13,452707
2936,3,4,4,23,340906
2477,2,4,6,29,332607
2026,2,2,4,6,269288
1620,4,3,7,29,268486
2562,1,1,1,5,252412
3181,2,1,5,20,362911
3069,5,4,10,1,476759
840,1,4,10,29,238763
2531,1,2,4,18,297189
867,3,4,7,15,223306
1787,2,1,9,23,275895
2599,3,1,5,10,326809
3361,2,3,4,3,412388
2421,4,3,9,5,404619
2455,3,1,5,24,290963
2078,3,1,9,29,306825
1494,5,2,8,13,268466
3324,3,2,4,8,398668
1885,2,1,7,22,275408
3279,5,4,5,21,397115
2493,3,3,10,29,389993
3115,3,1,4,2,368873
1858,4,4,5,9,280375
1578,3,1,5,17,225175
1293,1,3,9,27,262380
2385,5,3,9,18,368044
2292,1,2,6,13,319034
2590,5,2,4,1,340964
1460,4,2,2,12,196981
2148,3,2,3,20,251390
2127,3,3,2,20,229759
2099,3,4,5,21,301519
2786,5,4,6,5,389617
2844,3,4,5,8,382529
2728,1,1,2,27,275482
2147,3,2,5,15,295805
1858,4,2,9,27,308861
1776,1,3,4,3,250599
1281,3,3,10,6,292617
1527,3,1,2,28,163195
3327,2,1,3,13,369115
1831,5,4,3,12,267287
1142,1,3,9,19,246604
2247,2,2,4,29,268559
3179,4,4,1,18,337101
3285,5,2,1,24,326059
3021,1,4,7,1,408974
3406,3,2,7,25,426058
1326,1,1,2,27,141227
2696,3,4,9,7,428181
1458,5,2,9,12,305818
2873,3,2,5,10,350394
1619,4,3,3,29,218779
3452,3,4,3,12,408956
1205,4,2,3,11,164591
3079,5,3,6,4,406661
3380,5,2,4,19,379467
2373,1,4,8,6,354477
2611,4,1,5,25,324998
1304,4,4,1,9,177393
978,2,4,9,20,256740
931,2,2,1,10,103024
2646,2,2,6,5,345834
2278,3,4,1,27,227316
3195,2,3,3,13,361727
3387,4,3,10,9,492701
1571,3,3,5,2,268332
2229,5,2,10,18,382522
2923,1,2,7,21,377963
1378,2,4,10,1,332313
2315,5,1,8,24,325687
993,4,2,9,21,246581
2807,1,4,6,12,357143
1985,5,4,9,10,364073
3194,1,1,8,2,439755
2184,2,3,9,28,330281
2592,4,4,10,9,419620
1910,1,4,4,2,259668
3061,5,4,9,23,460007
2736,2,3,7,24,349847
3420,2,3,5,22,397414
1579,5,1,5,14,250608
1061,5,2,1,11,135657
1529,1,3,2,23,179654
1082,3,2,10,11,266577
2290,2,2,3,17,248385
1161,1,3,8,4,257785
1240,5,4,6,13,259279
2940,1,1,10,7,432537
2444,5,2,5,16,327243
1666,4,4,1,1,232583
2247,5,3,9,13,368856
941,5,2,3,1,173267
2114,5,2,3,11,276189
2255,3,2,2,6,267121
2675,5,4,4,20,326684
2647,2,4,2,3,321812
2512,2,4,9,12,403812
1500,1,2,10,5,296234
1797,3,2,7,9,299316
2896,1,1,8,26,370544
