Speed,BrakingDistance
0.0,7.45071229516849
0.06666666666666667,-2.0737422953455473
0.13333333333333333,9.716216960399278
0.2,22.847447846120378
0.26666666666666666,-3.508745065294484
0.3333333333333333,-3.5064987986821525
0.4,23.696192232610873
0.4666666666666667,11.522409826182521
0.5333333333333333,-7.027893566802059
0.6,8.15640065378947
0.6666666666666666,-6.929043169964712
0.7333333333333333,-6.959057414664964
0.8,3.6614340734905118
0.8666666666666667,-28.66164811431141
0.9333333333333333,-25.830211932139935
1.0,-8.38431293861459
1.0666666666666667,-15.135577916127469
1.1333333333333333,4.77793221115133
1.2,-13.548361132818163
1.2666666666666666,-21.104333297807152
1.3333333333333333,22.0736204227122
1.4,-3.288644507298035
1.4666666666666666,1.1204786258744133
1.5333333333333332,-21.253667237646297
1.6,-8.03774086787774
1.6666666666666667,1.8027277345368802
1.7333333333333334,-17.11468143911232
1.8,5.79747027518508
1.8666666666666667,-8.835358126559854
1.9333333333333333,-4.188517358010262
2.0,-8.825599183440955
2.0666666666666664,27.997728323189623
2.1333333333333333,0.025097184486546742
2.2,-15.623663934338504
2.2666666666666666,12.595062570436726
2.3333333333333335,-18.04043252734311
2.4,3.420953925071331
2.466666666666667,-29.090829635974412
2.533333333333333,-19.60190184458757
2.6,3.290918538036853
2.6666666666666665,11.432554255486712
2.7333333333333334,2.9440797734051127
2.8,-1.342724235823608
2.8666666666666667,-4.105666544950443
2.933333333333333,-21.74760763328919
3.0,-10.347663125920631
3.0666666666666664,-6.43935934217459
3.1333333333333333,16.347722282172626
3.2,5.666274343526922
3.2666666666666666,-25.912046774885454
3.3333333333333335,5.41681509647748
3.4,-5.198234206244748
3.466666666666667,-9.552941115700492
3.533333333333333,9.79936655483524
3.6,16.112992837439265
3.6666666666666665,14.6414240089652
3.7333333333333334,-11.89137395945069
3.8,-3.9161856377682187
3.8666666666666667,5.7165070266090146
3.933333333333333,15.406732462390943
4.0,-6.38761356767935
4.066666666666666,-1.9579957610683678
4.133333333333333,-15.7408023878682
4.2,-17.06109936121006
4.266666666666667,13.098109558135192
4.333333333333333,21.282489317451233
4.4,-0.11215182370500743
4.466666666666667,16.05054902393592
4.533333333333333,6.452095931270068
4.6,-8.618796319076864
4.666666666666667,6.509822971515098
4.733333333333333,24.19077071921176
4.8,0.6146094133507268
4.866666666666666,24.653877059432315
4.933333333333334,-38.079287672457276
5.0,13.578537565628357
5.066666666666666,2.5892615791281237
5.133333333333333,-3.1675547014324565
5.2,2.7284116480325347
5.266666666666667,-28.426644830124502
5.333333333333333,-1.8728560953404567
5.4,6.8146885726761965
5.466666666666667,23.662632893344966
5.533333333333333,-6.243164385215822
5.6,-10.559404043397814
5.666666666666667,-5.920800098212492
5.733333333333333,15.374587321086668
5.8,6.613266644895267
5.866666666666666,-6.225514167616694
5.933333333333334,9.459233718922565
6.0,3.256163240220606
6.066666666666666,16.369897080215562
6.133333333333333,-8.649907519271396
6.2,-2.992932198966523
6.266666666666667,-3.9180667414268084
6.333333333333333,-19.947168666426222
6.4,6.489804155968642
6.466666666666667,6.0067179715872285
6.533333333333333,2.2109240718591354
6.6,-1.340807000627204
6.666666666666667,-19.008338908533993
6.733333333333333,-4.042790952591497
6.8,-2.828717747901542
6.866666666666666,-9.676603482768728
6.933333333333334,-0.015730119434580914
7.0,8.510762852218075
7.066666666666666,30.78967740704684
7.133333333333333,5.162889414699807
7.2,6.455255860841466
7.266666666666667,1.5235334857297143
7.333333333333333,-26.09267934059673
7.3999999999999995,2.3402918682617466
7.466666666666667,3.6910087046709528
7.533333333333333,39.78618724283484
7.6,0.002585528283161942
7.666666666666667,7.462099023893076
7.733333333333333,2.4695456766435724
7.8,-14.48817056429298
7.866666666666666,20.23656443994753
7.933333333333334,14.425884379190503
8.0,15.065479205645705
8.066666666666666,-10.387256266365528
8.133333333333333,24.349470219597045
8.2,-17.66576594188421
8.266666666666666,12.219745295892942
8.333333333333334,36.3290566093719
8.4,-11.330044876960324
8.466666666666667,-4.910243721819356
8.533333333333333,5.135659365203507
8.6,-3.854134811742988
8.666666666666666,-19.504395910436433
8.733333333333333,4.842000177645965
8.8,-12.062555705891572
8.866666666666667,11.034775348416613
8.933333333333334,-9.801141291284825
9.0,27.299016075263093
9.066666666666666,-7.638577162821334
9.133333333333333,-0.6600338541962456
9.2,16.434758260545046
9.266666666666666,-14.169409190953774
9.333333333333334,7.767454574617498
9.4,24.02514131423642
9.466666666666667,-19.631359629529523
9.533333333333333,7.313730100206786
9.6,8.506241913726353
9.666666666666666,16.39956529888188
9.733333333333333,-13.81737177428234
9.8,-15.004849196264145
9.866666666666667,12.696679039809021
9.933333333333334,9.388325654053347
10.0,8.757392755188148
10.066666666666666,10.263612031343524
10.133333333333333,-5.06614860145514
10.2,8.685805457415054
10.266666666666666,9.666309321702439
10.333333333333334,-5.376382381506628
10.4,33.394617667171346
10.466666666666667,12.585049369232369
10.533333333333333,-12.321996902484173
10.6,15.466304129507446
10.666666666666666,-8.931336164520932
10.733333333333333,17.566491278359003
10.8,23.210933685111062
10.866666666666667,-6.406012553053433
10.933333333333334,20.427530827553717
11.0,12.241713904047476
11.066666666666666,18.454457955472904
11.133333333333333,34.649450295364765
11.2,2.591178259956942
11.266666666666666,-4.959153576473456
11.333333333333334,-6.9204942221606265
11.4,-5.739154274481573
11.466666666666667,5.417696581010659
11.533333333333333,11.768168511138548
11.6,10.878361989950285
11.666666666666666,19.213304291095913
11.733333333333333,7.07858393372416
11.8,28.76501115735975
11.866666666666667,3.071036390319549
11.933333333333334,47.922759721066505
12.0,16.585010216475094
12.066666666666666,-5.577141124022017
12.133333333333333,-8.702498582027795
12.2,14.67908622864778
12.266666666666666,4.171613775667792
12.333333333333334,18.315562966936938
12.4,14.786564368603173
12.466666666666667,6.678455199035798
12.533333333333333,-4.847683548803852
12.6,-14.78470837028797
12.666666666666666,1.3244979412169062
12.733333333333333,20.95287080374097
12.8,11.403406161953061
12.866666666666667,-10.408526125124263
12.933333333333334,10.961269443323285
13.0,14.229760695932553
13.066666666666666,-4.720972654128106
13.133333333333333,10.93009881140514
13.2,9.585130776689999
13.266666666666666,-8.344332245237124
13.333333333333334,14.25569929411314
13.4,17.389767895523516
13.466666666666667,25.313324203184713
13.533333333333333,24.9645863360791
13.6,-11.417040519356368
13.666666666666666,-4.728486709837954
13.733333333333333,17.155751230352116
13.799999999999999,17.22878926368313
13.866666666666667,17.339937516812945
13.933333333333334,67.49786124870971
14.0,18.363357660397504
14.066666666666666,26.92704015826454
14.133333333333333,24.29758200795359
14.2,19.85286876958697
14.266666666666666,5.447850219283706
14.333333333333334,21.656760529621238
14.4,-1.224378218063574
14.466666666666667,6.911943121122091
14.533333333333333,3.280435671452338
14.6,11.886112090794839
14.666666666666666,45.475434055658184
14.733333333333333,-17.155422333320665
14.799999999999999,21.2459028556177
14.866666666666667,-13.139849178955886
14.933333333333334,4.071244235380722
15.0,27.584258954510492
15.066666666666666,12.314422508654163
15.133333333333333,-4.715282780050702
15.2,0.8224443611004766
15.266666666666666,21.847521789575694
15.333333333333334,0.8000560797985088
15.4,15.104878843729626
15.466666666666667,12.644466487446095
15.533333333333333,2.290217008134965
15.6,44.327161339879886
15.666666666666666,21.781007556992392
15.733333333333333,-18.000249910975217
15.799999999999999,15.278814721541414
15.866666666666667,2.660758584029738
15.933333333333334,25.480055577498916
16.0,0.9121889235094915
16.066666666666666,11.185842266885405
16.133333333333333,20.58903140692908
16.2,26.10832791255182
16.266666666666666,-4.77422388361442
16.333333333333332,8.32137035127466
16.4,6.323820332585658
16.466666666666665,3.7576170669498747
16.53333333333333,40.14936915977201
16.6,19.852725664414336
16.666666666666668,-5.024370426136784
16.733333333333334,27.768151428043865
16.8,45.9443429551895
16.866666666666667,29.711201130489428
16.933333333333334,-8.45366060042131
17.0,7.186488907006231
17.066666666666666,33.5672227933549
17.133333333333333,4.062513571273843
17.2,21.449291422193426
17.266666666666666,26.526399690328937
17.333333333333332,1.118265148550977
17.4,14.245119659072998
17.466666666666665,-33.36478787881387
17.53333333333333,0.005074268874537324
17.6,11.699477729102599
17.666666666666668,-3.1111921739171855
17.733333333333334,40.20972511453009
17.8,-5.610120669409486
17.866666666666667,9.360221588434133
17.933333333333334,18.04133088151359
18.0,37.81909933599174
18.066666666666666,-5.217710045469367
18.133333333333333,33.88834517121329
18.2,16.715495915293804
18.266666666666666,1.9609257898362902
18.333333333333332,23.737107669504617
18.4,19.913895433602047
18.466666666666665,8.047635731506968
18.53333333333333,18.221253497072503
18.6,11.518296047073598
18.666666666666668,19.124982400990948
18.733333333333334,27.478849006704593
18.8,41.462252242180284
18.866666666666667,-0.769676926847179
18.933333333333334,49.919056175399554
19.0,-11.231316992837527
19.066666666666666,15.90011246335514
19.133333333333333,27.12898031949087
19.2,22.64687801602549
19.266666666666666,9.219729424913313
19.333333333333332,15.567055133529758
19.4,11.422985980117506
19.466666666666665,10.10708420139238
19.53333333333333,31.82158701087092
19.6,24.563232289475714
19.666666666666668,8.945244959979078
19.733333333333334,32.96422035372099
19.8,24.211492813149142
19.866666666666667,31.927154004806624
19.933333333333334,29.311321517743075
20.0,7.565074836168916
20.066666666666666,11.730839952601013
20.133333333333333,31.476959632404483
20.2,29.557553981501975
20.266666666666666,20.223364979426666
20.333333333333332,22.43213297185395
20.4,39.97297343682637
20.466666666666665,12.070651389684773
20.53333333333333,29.287349606439456
20.6,18.185110213491594
20.666666666666668,18.090337507147254
20.733333333333334,37.97520833536341
20.8,34.01324523482045
20.866666666666667,33.97353342889847
20.933333333333334,41.49240432953716
21.0,22.365057624491385
21.066666666666666,32.41951679164668
21.133333333333333,17.67688753998705
21.2,27.334495287326632
21.266666666666666,20.661409740040284
21.333333333333332,24.210495030446328
21.4,31.8253553815537
21.466666666666665,10.767578640386798
21.53333333333333,54.57003135750412
21.6,8.237739277504474
21.666666666666668,5.2593930304062475
21.733333333333334,40.98855199138991
21.8,35.63694040944404
21.866666666666667,33.26935281133788
21.933333333333334,33.47873819451976
22.0,24.016298407296283
22.066666666666666,10.888073316601414
22.133333333333333,25.631290595128114
22.2,14.484574327318324
22.266666666666666,39.41701822348849
22.333333333333332,22.733028166356807
22.4,12.705542048112324
22.466666666666665,20.41676793076065
22.53333333333333,31.581527369689915
22.6,17.082131707940384
22.666666666666668,13.355582955392421
22.733333333333334,29.49553039460091
22.8,29.666498566630846
22.866666666666667,18.54007459165528
22.933333333333334,19.23131430461405
23.0,29.930749060364548
23.066666666666666,4.882290433095697
23.133333333333333,5.645598939907227
23.2,16.135336681213463
23.266666666666666,23.86518161321118
23.333333333333332,31.88583570619229
23.4,49.50834325424328
23.466666666666665,40.39911657025251
23.53333333333333,25.29181093943748
23.6,27.56275688145967
23.666666666666668,12.967615085988427
23.733333333333334,27.885858515669714
23.8,23.992120416197928
23.866666666666667,33.32166729396023
23.933333333333334,16.23175806893738
24.0,36.590197713617584
24.066666666666666,51.95130591726089
24.133333333333333,27.489486662036022
24.2,35.30767583148412
24.266666666666666,39.79571543122224
24.333333333333332,23.587248477268012
24.4,33.12938722715625
24.466666666666665,30.11977490061581
24.53333333333333,31.559363700454696
24.6,18.66285324216801
24.666666666666668,30.789874836106364
24.733333333333334,38.05686325757064
24.8,52.519154116925634
24.866666666666667,45.306617946833654
24.933333333333334,63.38129241822891
25.0,19.739786556679256
25.066666666666666,44.50169843969906
25.133333333333333,34.3343523082975
25.2,64.59904399826509
25.266666666666666,19.795747941894952
25.333333333333332,19.49306125617725
25.4,23.267110318339668
25.466666666666665,0.5691196909084475
25.53333333333333,24.711230230344135
25.6,21.381010076694537
25.666666666666668,35.194795686032
25.733333333333334,38.23656185887962
25.8,61.424562588238295
25.866666666666667,47.710579795012976
25.933333333333334,24.973334053952847
26.0,20.323779929774634
26.066666666666666,41.352343128153144
26.133333333333333,14.344057450245923
26.2,61.7938814878153
26.266666666666666,52.18849069970818
26.333333333333332,27.634587440651643
26.4,9.150982063636835
26.466666666666665,55.33230783470341
26.53333333333333,33.48279121009962
26.599999999999998,53.94524467960192
26.666666666666668,11.639140673640057
26.733333333333334,26.742930211248968
26.8,35.99065549577275
26.866666666666667,36.795597795360024
26.933333333333334,29.519240150033568
27.0,45.792748985212484
27.066666666666666,20.615915781483306
27.133333333333333,34.67519661356949
27.2,38.79643447567848
27.266666666666666,44.89013806643679
27.333333333333332,48.0297787268889
27.4,20.66836862243196
27.466666666666665,14.709176327854554
27.53333333333333,57.06937455069985
27.599999999999998,43.07271017969387
27.666666666666668,27.044924173873923
27.733333333333334,61.72416852172674
27.8,40.37711951439288
27.866666666666667,56.51701331651296
27.933333333333334,40.0263327767072
28.0,70.1112188732298
28.066666666666666,65.71700152553696
28.133333333333333,35.839759995036125
28.2,54.33556426431533
28.266666666666666,49.63086146599944
28.333333333333332,60.668362251874115
28.4,25.854148091298434
28.466666666666665,50.808327455532144
28.53333333333333,56.583922858299374
28.599999999999998,14.516907703653281
28.666666666666668,23.340011198902268
28.733333333333334,10.691739555820721
28.8,37.43089748333164
28.866666666666667,52.42735605916167
28.933333333333334,64.39224467032932
29.0,43.16142170629663
29.066666666666666,66.67278873912494
29.133333333333333,21.736033682332184
29.2,17.081263409672687
29.266666666666666,41.99367340543961
29.333333333333332,48.78320395631183
29.4,42.7275787785886
29.466666666666665,12.402590721624073
29.53333333333333,42.274088296197064
29.599999999999998,24.240957492427196
29.666666666666668,54.05064378800614
29.733333333333334,49.702529247008286
29.8,30.30380320508968
29.866666666666667,36.89288512883849
29.933333333333334,28.912019393887952
30.0,44.059813540902425
30.066666666666666,59.5273570297408
30.133333333333333,30.61499819385573
30.2,53.16269773276767
30.266666666666666,37.849691279968944
30.333333333333332,34.1124630716204
30.4,44.60254460068163
30.466666666666665,30.882254052598274
30.53333333333333,38.309482642014494
30.599999999999998,28.84983161116727
30.666666666666668,76.49309921596807
30.733333333333334,47.755842168464824
30.8,36.93611738011123
30.866666666666667,50.84725421656889
30.933333333333334,46.15863481019311
31.0,44.73545600700166
31.066666666666666,57.46938938954027
31.133333333333333,59.8268378729318
31.2,40.71448278584209
31.266666666666666,40.24294861255202
31.333333333333332,44.96311343161423
31.4,14.769182528966226
31.466666666666665,26.779689622577273
31.53333333333333,70.22066956722341
31.599999999999998,74.60251570251926
31.666666666666668,46.40334829554322
31.733333333333334,58.998576668058725
31.8,55.230752318153044
31.866666666666667,96.95743434905079
31.933333333333334,67.78051256040754
32.0,49.2812361277885
32.06666666666666,37.08044894654916
32.13333333333333,27.53086075169197
32.2,54.89395453800836
32.266666666666666,40.71162770962434
32.333333333333336,30.93841657825712
32.4,42.7894067363621
32.46666666666667,36.48100216800631
32.53333333333333,78.22801341497737
32.6,66.36259635424176
32.666666666666664,53.235965935806284
32.733333333333334,75.77271763890596
32.8,54.95252461471428
32.86666666666667,41.09162586896495
32.93333333333333,77.07708338126707
33.0,62.53365065526988
33.06666666666666,39.11152990732536
33.13333333333333,52.03580871763477
33.2,41.977726199228655
33.266666666666666,34.591559591090515
33.333333333333336,69.4482187685302
33.4,84.41924960705195
33.46666666666667,35.022375281601775
33.53333333333333,64.66876077258078
33.6,46.688361463172605
33.666666666666664,49.365341465751776
33.733333333333334,48.010980025305855
33.8,44.16213845480275
33.86666666666667,58.07537997472797
33.93333333333333,45.109303809389985
34.0,61.85685238669759
34.06666666666666,57.27331724715183
34.13333333333333,54.670001519226076
34.2,44.86854506937604
34.266666666666666,50.058652263697226
34.333333333333336,70.26975727627524
34.4,66.68175781436571
34.46666666666667,44.7342268835773
34.53333333333333,61.11754013699393
34.6,71.12880685057684
34.666666666666664,35.047809672068304
34.733333333333334,68.47062510792126
34.8,50.61264361581229
34.86666666666667,69.34320225111962
34.93333333333333,49.568001540751126
35.0,34.17676849003222
35.06666666666666,37.0704189873081
35.13333333333333,62.438829755476284
35.2,65.84783752582224
35.266666666666666,48.62213951232276
35.333333333333336,72.00110910388284
35.4,37.735199065965595
35.46666666666667,61.903025242512484
35.53333333333333,44.965645892452045
35.6,53.590458382967626
35.666666666666664,64.31653562530175
35.733333333333334,50.93735507629627
35.8,58.31366683655261
35.86666666666667,79.4152810271055
35.93333333333333,55.90684417937498
36.0,77.33538168097712
36.06666666666666,48.09461940235794
36.13333333333333,73.22795155761814
36.2,87.14552930986852
36.266666666666666,28.688888053646217
36.333333333333336,54.05212672349842
36.4,74.90408190770809
36.46666666666667,63.44520809824402
36.53333333333333,72.30141032279185
36.6,57.9182221992627
36.666666666666664,68.52106903431572
36.733333333333334,65.1317303580077
36.8,85.22873092489709
36.86666666666667,71.77386820507375
36.93333333333333,73.26759548668359
37.0,62.27184550816299
37.06666666666666,61.38279552780148
37.13333333333333,62.45584940492791
37.2,75.10878213567446
37.266666666666666,63.125455009918284
37.333333333333336,74.0355117423351
37.4,101.06901197968159
37.46666666666667,83.25442610703095
37.53333333333333,65.54720257303794
37.6,88.7062088324592
37.666666666666664,64.81775829356562
37.733333333333334,40.61835419455443
37.8,56.32070533623893
37.86666666666667,43.63234340683439
37.93333333333333,66.67418662826925
38.0,72.47627568784328
38.06666666666666,97.6001152396848
38.13333333333333,77.611466162018
38.2,69.67549206786705
38.266666666666666,85.65797260664122
38.333333333333336,40.30519258710395
38.4,77.26221837162848
38.46666666666667,85.54720013052673
38.53333333333333,52.06209520219125
38.6,91.65431064810394
38.666666666666664,79.83300166797176
38.733333333333334,68.78423684704353
38.8,84.76372799159427
38.86666666666667,109.59128175595484
38.93333333333333,78.51821604809965
39.0,79.77330879450504
39.06666666666666,69.41980872911854
39.13333333333333,63.82322334691701
39.2,89.2870372481637
39.266666666666666,64.25229816692254
39.333333333333336,78.42904911384646
39.4,70.45313829852324
39.46666666666667,85.06558627508478
39.53333333333333,83.14915380152645
39.6,93.9710991638685
39.666666666666664,71.02197623940101
39.733333333333334,74.88876485948833
39.8,64.52054426326539
39.86666666666667,72.8031566544139
39.93333333333333,85.39306295122833
40.0,91.35482924968028
40.06666666666666,66.4344090262245
40.13333333333333,93.57831102380713
40.2,101.13656788207429
40.266666666666666,87.27174577057774
40.333333333333336,109.4908260772599
40.4,70.0011620134464
40.46666666666667,63.20773500588432
40.53333333333333,55.46675182199138
40.6,104.85866467233775
40.666666666666664,92.50437373419975
40.733333333333334,82.1264521585654
40.8,87.43152939479731
40.86666666666667,66.62188651274658
40.93333333333333,120.46316858314128
41.0,85.98831772962842
41.06666666666666,85.96447747462894
41.13333333333333,95.48405491403594
41.2,92.08713847605071
41.266666666666666,88.50514925307587
41.333333333333336,73.56510539054256
41.4,92.77002535703993
41.46666666666667,114.20458966934774
41.53333333333333,106.43218958121355
41.6,110.42579939959097
41.666666666666664,79.13732040908776
41.733333333333334,72.23948325167684
41.8,85.47519619850527
41.86666666666667,88.47676257321932
41.93333333333333,104.33309499928643
42.0,62.81303055427772
42.06666666666666,111.42347701413141
42.13333333333333,86.39077041020404
42.2,82.63878395078872
42.266666666666666,74.14198992665304
42.333333333333336,64.78270547756902
42.4,102.23555875942873
42.46666666666667,91.27065839671495
42.53333333333333,71.1048087261064
42.6,71.31181841904578
42.666666666666664,85.9854517328703
42.733333333333334,116.3422117682298
42.8,87.69812972954591
42.86666666666667,69.33041125878397
42.93333333333333,88.47740959426638
43.0,88.35914645378494
43.06666666666666,52.283589244765295
43.13333333333333,92.20979922445504
43.2,89.84798204686984
43.266666666666666,104.0433176944235
43.333333333333336,121.62323031306909
43.4,111.07647544321637
43.46666666666667,90.43422519723312
43.53333333333333,78.1596669244305
43.6,133.6483970487479
43.666666666666664,96.22716539910621
43.733333333333334,95.83916160091643
43.8,95.56012369334995
43.86666666666667,99.18549363374005
43.93333333333333,94.34148271002974
44.0,88.19506989679647
44.06666666666666,88.89067143694967
44.13333333333333,96.89625650231558
44.2,89.53062843299354
44.266666666666666,87.28420214873141
44.333333333333336,99.86867563760069
44.4,94.74334173868716
44.46666666666667,121.42411705096256
44.53333333333333,59.396341762993714
44.6,115.83060277883695
44.666666666666664,118.44683344301998
44.733333333333334,68.95270206943331
44.8,95.21168608879476
44.86666666666667,95.07927589895203
44.93333333333333,79.83754680145489
45.0,89.58274968613686
45.06666666666666,84.89158454023477
45.13333333333333,128.13494554024325
45.2,116.18717589721193
45.266666666666666,121.52688198046793
45.333333333333336,113.5806365162041
45.4,86.12222343174156
45.46666666666667,95.49308489469229
45.53333333333333,111.004840640641
45.6,85.63608286662084
45.666666666666664,114.96719867480805
45.733333333333334,100.97200791651687
45.8,99.25968788675604
45.86666666666667,115.85195507860793
45.93333333333333,112.15750522784613
46.0,100.38550751271382
46.06666666666666,123.4968359393526
46.13333333333333,90.19827230822378
46.2,115.96103410416396
46.266666666666666,115.92674109174797
46.333333333333336,102.69569229917904
46.4,112.53999533363178
46.46666666666667,89.19085190977603
46.53333333333333,122.12796084365908
46.6,105.80446795335517
46.666666666666664,101.04804358110329
46.733333333333334,124.93536060977557
46.8,98.9468446418586
46.86666666666667,88.69730277676882
46.93333333333333,86.78745128603032
47.0,119.5401492701846
47.06666666666666,91.55711526811129
47.13333333333333,137.399468285321
47.2,80.16305888174418
47.266666666666666,137.15373441323945
47.333333333333336,115.18748423026152
47.4,110.8873033219441
47.46666666666667,104.480435920088
47.53333333333333,118.95793060416996
47.6,112.72347946362729
47.666666666666664,130.15508378580338
47.733333333333334,115.63697028548614
47.8,116.49652642192815
47.86666666666667,109.10670570568107
47.93333333333333,114.0260378664062
48.0,119.8170265333809
48.06666666666666,89.86769633237282
48.13333333333333,95.6181075573032
48.2,127.31096141034075
48.266666666666666,119.04653712747466
48.333333333333336,114.04580551026538
48.4,117.40450899598089
48.46666666666667,122.66461446931397
48.53333333333333,109.67782701758179
48.6,106.42342911896532
48.666666666666664,121.35990104868745
48.733333333333334,104.07129722466341
48.8,125.19579133571706
48.86666666666667,93.85880149198795
48.93333333333333,135.1608901154402
49.0,127.13896223619565
49.06666666666666,124.21733490359702
49.13333333333333,135.4445869814049
49.2,146.01411666693866
49.266666666666666,136.5757731974942
49.333333333333336,94.07577541891422
49.4,102.82434549896446
49.46666666666667,112.9752768901204
49.53333333333333,123.06892130871806
49.6,130.77288530703686
49.666666666666664,112.45273169158689
49.733333333333334,126.4717236893784
49.8,112.67125601470015
49.86666666666667,115.16145517734302
49.93333333333333,103.56697243616554
50.0,111.15150130833644
50.06666666666666,105.05828647131054
50.13333333333333,111.02945676089557
50.2,141.80662694911763
50.266666666666666,112.09590555640975
50.333333333333336,166.1579531947831
50.4,134.40776851321334
50.46666666666667,130.11676407764534
50.53333333333333,114.80552218617069
50.6,138.52264819113486
50.666666666666664,119.72098816198894
50.733333333333334,130.52370277523596
50.8,167.43326807403193
50.86666666666667,127.92999039301914
50.93333333333333,146.94932211650735
51.0,119.5023536231117
51.06666666666666,129.86539486476778
51.13333333333333,157.29289842342152
51.2,121.66749413318352
51.266666666666666,158.6002839255095
51.333333333333336,142.3718345873877
51.4,123.660998361586
51.46666666666667,141.9270049747217
51.53333333333333,147.37253896662315
51.6,142.45514943325796
51.666666666666664,109.91885142386539
51.733333333333334,122.90983125151585
51.8,130.44922046672744
51.86666666666667,133.39105411905487
51.93333333333333,144.1636370188157
52.0,137.86551501399882
52.06666666666666,115.51672350823736
52.13333333333333,141.59718998731168
52.199999999999996,145.40078617925735
52.266666666666666,144.98707894118783
52.333333333333336,153.15059977220824
52.4,149.79683231823356
52.46666666666667,144.5252567439821
52.53333333333333,136.93506988367582
52.6,113.42358599726015
52.666666666666664,145.13316217587766
52.733333333333334,142.15553752966892
52.8,143.4656825579306
52.86666666666667,120.59299358491758
52.93333333333333,123.88104078276493
53.0,156.24729279999357
53.06666666666666,140.21022824770574
53.13333333333333,151.38006601614495
53.199999999999996,141.9367756419569
53.266666666666666,142.31323098132506
53.333333333333336,156.2964793118622
53.4,134.8373290767394
53.46666666666667,144.376033876337
53.53333333333333,136.35675955831326
53.6,137.13055658851528
53.666666666666664,139.36797370352596
53.733333333333334,147.69556213006126
53.8,137.5407706750478
53.86666666666667,163.9172307724917
53.93333333333333,132.02111268892966
54.0,142.99692533757963
54.06666666666666,139.56425634810958
54.13333333333333,168.2255571541949
54.199999999999996,149.8303216476736
54.266666666666666,162.72122364758508
54.333333333333336,125.322149960001
54.4,151.97375398803888
54.46666666666667,161.67535082324045
54.53333333333333,149.9284820613536
54.6,165.0402056259803
54.666666666666664,141.66289547071665
54.733333333333334,170.9271004916726
54.8,184.63547185428874
54.86666666666667,145.07497714896067
54.93333333333333,144.20101773454397
55.0,173.05076715676552
55.06666666666666,175.31047107484954
55.13333333333333,144.1413218149232
55.199999999999996,146.0491977435621
55.266666666666666,148.4934530893146
55.333333333333336,132.92213122337475
55.4,139.67822080273703
55.46666666666667,138.76544405427458
55.53333333333333,142.68059207899364
55.6,154.0477266891983
55.666666666666664,158.45210987693667
55.733333333333334,178.5677296144334
55.8,140.70668938891816
55.86666666666667,170.819058199371
55.93333333333333,153.21705622550627
56.0,156.05804435521353
56.06666666666666,167.2958479380546
56.13333333333333,140.70672523212107
56.199999999999996,163.65814619276077
56.266666666666666,160.79367201208476
56.333333333333336,166.05899118234447
56.4,163.3855296586173
56.46666666666667,196.25372432088568
56.53333333333333,150.23478912511916
56.6,152.21304567497273
56.666666666666664,151.2084476591841
56.733333333333334,152.60139876815177
56.8,151.75119309040224
56.86666666666667,179.5261368555022
56.93333333333333,183.37778594207003
57.0,153.88880559375787
57.06666666666666,150.3448886256588
57.13333333333333,170.28212223468498
57.199999999999996,155.3086543357854
57.266666666666666,173.4675328218882
57.333333333333336,167.39940086832507
57.4,142.0018382750415
57.46666666666667,188.33346690883985
57.53333333333333,192.44238731865505
57.6,156.69616964273425
57.666666666666664,160.45669882318248
57.733333333333334,170.9448697497625
57.8,172.05885184980536
57.86666666666667,177.30571964564805
57.93333333333333,197.9666236370508
58.0,165.54579158758926
58.06666666666666,156.6124302208121
58.13333333333333,148.28443380200434
58.199999999999996,158.39804940087117
58.266666666666666,169.25331762911526
58.333333333333336,197.05725684165571
58.4,162.76383051445745
58.46666666666667,174.27437483013907
58.53333333333333,171.06121211446427
58.6,189.52389910172127
58.666666666666664,209.9928752769932
58.733333333333334,164.51719062841744
58.8,165.53040836222667
58.86666666666667,188.9266353782583
58.93333333333333,183.88526123328356
59.0,201.7506098860405
59.06666666666666,183.202478335445
59.13333333333333,169.44817419374968
59.199999999999996,184.0918224603846
59.266666666666666,192.2574425976325
59.333333333333336,188.3294549401827
59.4,184.02711046660949
59.46666666666667,192.81434256605957
59.53333333333333,194.75032274557398
59.6,198.34038486556295
59.666666666666664,187.73620386940019
59.733333333333334,175.89678435080276
59.8,181.00270529649984
59.86666666666667,197.29852338651426
59.93333333333333,167.34618715741368
60.0,185.53009963309353
60.06666666666666,174.50014003731178
60.13333333333333,181.23206123291115
60.199999999999996,200.37877793910948
60.266666666666666,184.47004157585408
60.333333333333336,182.70210377789783
60.4,162.01015788530123
60.46666666666667,194.0046923792972
60.53333333333333,192.89648493933834
60.6,216.06682084958192
60.666666666666664,179.40554869792723
60.733333333333334,187.714143803848
60.8,188.57275525566132
60.86666666666667,208.89935475200767
60.93333333333333,184.21412256975125
61.0,190.2353228865551
61.06666666666666,195.575336534637
61.13333333333333,189.6633590695676
61.199999999999996,180.57549578174206
61.266666666666666,190.59157211569683
61.333333333333336,204.1933651367855
61.4,173.10027050883411
61.46666666666667,190.9021006677587
61.53333333333333,178.81574333146798
61.6,207.65369943387267
61.666666666666664,167.29108531713226
61.733333333333334,182.16639451314845
61.8,196.6201781259678
61.86666666666667,214.85708266073732
61.93333333333333,190.80063497279406
62.0,183.87200709960203
62.06666666666666,220.8309115971644
62.13333333333333,171.3073470493119
62.199999999999996,160.4599106506988
62.266666666666666,200.45710563968885
62.333333333333336,186.74140885693308
62.4,179.3695077430393
62.46666666666667,205.72956893171252
62.53333333333333,199.17789959545686
62.6,187.47682053894908
62.666666666666664,177.15098957549213
62.733333333333334,209.86041547975776
62.8,206.94501766937992
62.86666666666667,196.12325093219815
62.93333333333333,225.7297771629372
63.0,182.39872850510773
63.06666666666666,175.9873446583511
63.13333333333333,188.91226784067024
63.199999999999996,199.02820975466753
63.266666666666666,203.78364729539592
63.333333333333336,196.93701468771062
63.4,206.25883094771447
63.46666666666667,182.62779752603225
63.53333333333333,223.48069128332114
63.6,201.0157323241115
63.666666666666664,219.43165969604414
63.733333333333334,208.23776908455446
63.8,210.37329828730674
63.86666666666667,212.49406475903862
63.93333333333333,211.08918395581526
64.0,214.44084139801316
64.06666666666666,225.16417684087534
64.13333333333333,208.60203976774423
64.2,216.7170563638277
64.26666666666667,205.16418680791384
64.33333333333333,228.54064712063095
64.4,197.222115469111
64.46666666666667,234.81166204921783
64.53333333333333,207.62518629589042
64.6,187.19637346822924
64.66666666666667,211.01045511255077
64.73333333333333,199.304447360099
64.8,222.56165323483086
64.86666666666666,200.5948625326863
64.93333333333334,204.12413739066724
65.0,182.90688903581704
65.06666666666666,204.8989607668194
65.13333333333333,175.7593656561212
65.2,188.79345764771418
65.26666666666667,224.39310873105333
65.33333333333333,225.20922460198466
65.4,220.23986342677452
65.46666666666667,199.78958007528405
65.53333333333333,214.0152185467592
65.6,215.11396191364148
65.66666666666667,198.23008521766744
65.73333333333333,238.59453008206287
65.8,229.64243435863503
65.86666666666666,213.60642628144387
65.93333333333334,217.7635098071402
66.0,220.9257421192133
66.06666666666666,187.61419919585785
66.13333333333333,214.97322815107987
66.2,208.89223628003307
66.26666666666667,204.53925540713186
66.33333333333333,215.78905116226622
66.4,247.4132979027429
66.46666666666667,230.50353180789406
66.53333333333333,212.76653737548028
66.6,230.36674172034236
66.66666666666667,243.21255377101232
66.73333333333333,236.53639413258043
66.8,224.00645554880262
66.86666666666666,213.8535038899719
66.93333333333334,234.47690525975943
67.0,230.35228078132627
67.06666666666666,238.32478718930486
67.13333333333333,234.8717992474517
67.2,241.53529072979006
67.26666666666667,218.21169404881368
67.33333333333333,246.44979987340375
67.4,230.10199407038607
67.46666666666667,258.7164686449346
67.53333333333333,217.69973828421203
67.6,254.52745704747872
67.66666666666667,231.90755064082865
67.73333333333333,219.61895216800553
67.8,222.58371248918516
67.86666666666666,225.4890125993074
67.93333333333334,237.10937808491767
68.0,239.0425323205325
68.06666666666666,223.04805549647685
68.13333333333333,231.7422366716408
68.2,264.696055379178
68.26666666666667,258.9300364403996
68.33333333333333,240.01707726733264
68.4,234.49805217252302
68.46666666666667,236.18469212299618
68.53333333333333,244.04365847984513
68.6,219.9561115220239
68.66666666666667,231.8949074942054
68.73333333333333,211.1847944473917
68.8,242.66034683907918
68.86666666666666,246.83882798442997
68.93333333333334,230.34242528773163
69.0,261.6598014493505
69.06666666666666,220.12373727718708
69.13333333333333,217.00526568574156
69.2,242.7987772783996
69.26666666666667,255.60003009473786
69.33333333333333,265.61447092742355
69.4,233.93473605696593
69.46666666666667,257.46110139035835
69.53333333333333,241.1665951797116
69.6,239.61859050088768
69.66666666666667,255.92712128452237
69.73333333333333,252.92173206509023
69.8,219.95611764523625
69.86666666666666,266.21566080144396
69.93333333333334,265.2349258677674
70.0,235.61655947735707
70.06666666666666,251.40394189045
70.13333333333333,253.34467501646324
70.2,250.31210648735862
70.26666666666667,238.61564491454092
70.33333333333333,237.2645383698181
70.4,247.42468893512836
70.46666666666667,265.86849084444606
70.53333333333333,256.901557874472
70.6,243.6587850187084
70.66666666666667,261.26436954861407
70.73333333333333,207.4320829127711
70.8,267.86348550558154
70.86666666666666,225.00851554055072
70.93333333333334,246.14027476784196
71.0,235.25495158060784
71.06666666666666,233.10333341974197
71.13333333333333,270.4099573662333
71.2,246.45648198032166
71.26666666666667,259.14444711484964
71.33333333333333,253.71841353903443
71.4,262.05361240834685
71.46666666666667,256.52655058812604
71.53333333333333,236.60600552606033
71.6,271.27200229170705
71.66666666666667,249.39920680813592
71.73333333333333,233.93482707565929
71.8,251.34027258551131
71.86666666666666,280.7522857484035
71.93333333333334,271.4735483539247
72.0,253.9702179838821
72.06666666666666,254.44135665744577
72.13333333333333,255.3363631206281
72.2,291.7932197534126
72.26666666666667,266.8525873390289
72.33333333333333,268.0561802634216
72.4,277.5422518104777
72.46666666666667,266.1527262742866
72.53333333333333,259.1685900349117
72.6,260.5927522637253
72.66666666666667,262.9482033310113
72.73333333333333,263.9485553412413
72.8,275.90644315455467
72.86666666666666,266.256743842665
72.93333333333334,276.9531567137893
73.0,265.23925129837124
73.06666666666666,268.1164167436302
73.13333333333333,237.45121195424056
73.2,281.65691512053723
73.26666666666667,273.59754936069214
73.33333333333333,283.85904053678365
73.4,225.9341693270947
73.46666666666667,301.1931761272665
73.53333333333333,268.26371113322796
73.6,287.4707422510627
73.66666666666667,255.74029998200595
73.73333333333333,281.02183079816075
73.8,256.5207665523952
73.86666666666666,263.45768781178515
73.93333333333334,302.0173591968907
74.0,270.9397639885498
74.06666666666666,277.5550486532514
74.13333333333333,287.8385715158868
74.2,282.7172283195891
74.26666666666667,278.0331724660425
74.33333333333333,281.74663725921556
74.4,312.81923377857413
74.46666666666667,276.3999402667185
74.53333333333333,280.77737458961343
74.6,294.01781594011413
74.66666666666667,295.3384445499254
74.73333333333333,297.0590101389613
74.8,289.33295333043776
74.86666666666666,263.10581519793163
74.93333333333334,305.2516952067387
75.0,264.0548191047197
75.06666666666666,286.2897542008077
75.13333333333333,270.9367511385985
75.2,281.7899248011052
75.26666666666667,288.1849917101078
75.33333333333333,288.5759137873096
75.4,290.5868113135293
75.46666666666667,308.9665579247686
75.53333333333333,292.06723674493196
75.6,282.1056504706402
75.66666666666667,300.7335297465477
75.73333333333333,304.6189462227585
75.8,268.8678827729451
75.86666666666666,296.74855660330337
75.93333333333334,298.81114669021906
76.0,284.3365474496001
76.06666666666666,309.94249108856314
76.13333333333333,287.5633884167343
76.2,292.2056468020732
76.26666666666667,288.23414485796417
76.33333333333333,291.5725746026109
76.4,275.403873696572
76.46666666666667,270.75679231664117
76.53333333333333,316.78513150393013
76.6,280.67357977522505
76.66666666666667,279.0180036470443
76.73333333333333,262.0993705181665
76.8,285.32757378465743
76.86666666666666,275.5778753211097
76.93333333333334,320.56711629093445
77.0,311.5972563401395
77.06666666666666,286.64130037788965
77.13333333333333,331.26409263572015
77.2,312.71848230487393
77.26666666666667,293.63441813625957
77.33333333333333,261.5311364991186
77.4,333.9021385888612
77.46666666666667,279.21063522076827
77.53333333333333,275.8899076845355
77.6,316.42655648014454
77.66666666666667,338.2018416506447
77.73333333333333,322.88764783321335
77.8,311.10063680078537
77.86666666666666,312.08220401386814
77.93333333333334,316.48145560392686
78.0,315.5839288468015
78.06666666666666,308.9380935817628
78.13333333333333,306.803905448167
78.2,304.8231030815072
78.26666666666667,294.9740867225554
78.33333333333333,302.5954294025539
78.4,281.9336477870693
78.46666666666667,306.37579448696766
78.53333333333333,293.54535561495845
78.6,292.3441602417634
78.66666666666667,312.12063448952443
78.73333333333333,330.8269231840579
78.8,324.24674909003465
78.86666666666666,287.44004650120786
78.93333333333334,296.67913350700053
79.0,326.16156781982323
79.06666666666666,297.83957798581423
79.13333333333333,309.7347249722668
79.2,321.88278148536835
79.26666666666667,299.63505539926774
79.33333333333333,316.26952148107824
79.4,295.207617576227
79.46666666666667,306.7270408962874
79.53333333333333,321.0742845676936
79.6,292.91309399702493
79.66666666666667,323.94600995829495
79.73333333333333,317.57565523832204
79.8,326.6893493162573
79.86666666666666,322.29293423319206
79.93333333333334,339.92899533849663
80.0,321.8783675397186
80.06666666666666,314.09247243867674
80.13333333333333,322.9020181010398
80.2,329.7514704355459
80.26666666666667,322.8697899437745
80.33333333333333,323.28109759028047
80.4,312.6781246828987
80.46666666666667,313.80070845895807
80.53333333333333,303.2418098118935
80.6,351.06165114780407
80.66666666666667,306.69760702468636
80.73333333333333,315.499977588617
80.8,315.6558910164621
80.86666666666666,340.39475454305546
80.93333333333334,323.0859770478419
81.0,346.766131090106
81.06666666666666,318.4878628585642
81.13333333333333,333.31580132224593
81.2,317.14179420110366
81.26666666666667,362.39079247215636
81.33333333333333,312.9415792701128
81.4,335.9453106534055
81.46666666666667,341.34754210287036
81.53333333333333,338.5912086839947
81.6,330.1486851168344
81.66666666666667,331.5249117262209
81.73333333333333,334.67406096857553
81.8,332.35696997557267
81.86666666666666,349.5657423074792
81.93333333333334,368.8114005794259
82.0,327.8376232248825
82.06666666666666,316.1998441952027
82.13333333333333,335.96999149695336
82.2,376.5376400648148
82.26666666666667,326.3351037026763
82.33333333333333,363.5256409705499
82.4,364.6535122111467
82.46666666666667,331.7337319299357
82.53333333333333,349.12230174333473
82.6,365.56394934692804
82.66666666666667,336.0019727740766
82.73333333333333,339.18651682068685
82.8,334.0667862907703
82.86666666666666,328.1228712618292
82.93333333333334,334.15772571289887
83.0,326.0908959985662
83.06666666666666,345.5148075794439
83.13333333333333,334.00795708967587
83.2,349.6187886768613
83.26666666666667,323.3284541958345
83.33333333333333,352.185425705439
83.4,360.28093442413393
83.46666666666667,318.4281875836504
83.53333333333333,354.50173743660247
83.6,367.8630348870994
83.66666666666667,331.86094027518755
83.73333333333333,375.6521413581211
83.8,357.40728514049067
83.86666666666666,341.1057110525127
83.93333333333334,351.40368605735665
84.0,361.17490368782586
84.06666666666666,354.5003030934084
84.13333333333333,362.0022287755844
84.2,340.67189610380956
84.26666666666667,357.5839679160967
84.33333333333333,334.39983810198083
84.4,354.4996090797696
84.46666666666667,343.1722742669171
84.53333333333333,346.2612730833757
84.6,376.3993976281565
84.66666666666667,374.79187403113633
84.73333333333333,368.12396070249656
84.8,343.16730852991134
84.86666666666666,355.3714288101335
84.93333333333334,378.88002105524333
85.0,363.3757537045986
85.06666666666666,396.60683198861426
85.13333333333333,368.2839898131378
85.2,365.8327367473505
85.26666666666667,358.8834752591847
85.33333333333333,366.0920024606231
85.4,362.3709524542919
85.46666666666667,375.8491857058845
85.53333333333333,380.1480903074743
85.6,354.5781580923807
85.66666666666667,346.97039458552223
85.73333333333333,339.9671416256728
85.8,375.70186990368813
85.86666666666666,352.1037231296141
85.93333333333334,336.9335299946017
86.0,375.62867906796447
86.06666666666666,407.76854831704736
86.13333333333333,370.8564918824571
86.2,384.0993616167747
86.26666666666667,373.32432926710237
86.33333333333333,371.1888774243551
86.4,387.03414724481655
86.46666666666667,369.4701040593925
86.53333333333333,378.4117735999674
86.6,379.80346709294014
86.66666666666667,365.5341987509099
86.73333333333333,391.01419079860347
86.8,374.08760364956885
86.86666666666666,365.9547114964962
86.93333333333334,385.91786987577836
87.0,364.9729802731345
87.06666666666666,379.45293958275914
87.13333333333333,379.47410393922576
87.2,396.4804334874737
87.26666666666667,387.8940290487549
87.33333333333333,380.9801511743784
87.4,394.2044944880044
87.46666666666667,403.3740021241486
87.53333333333333,391.4713768175002
87.6,383.8432892976507
87.66666666666667,364.5946787369699
87.73333333333333,368.8801839427583
87.8,380.86362943468
87.86666666666666,376.8848725231663
87.93333333333334,383.80898601077394
88.0,388.0497488734567
88.06666666666666,395.7322802042398
88.13333333333333,387.31674055133584
88.2,396.25952465739306
88.26666666666667,390.517338444374
88.33333333333333,360.5068903935809
88.4,376.6379690927188
88.46666666666667,389.1562422197314
88.53333333333333,373.7621344129389
88.6,401.4969309499431
88.66666666666667,416.0501513740444
88.73333333333333,411.961649997682
88.8,391.0703569360469
88.86666666666666,417.22511427497153
88.93333333333334,397.6869007469206
89.0,390.9937104332294
89.06666666666666,387.44251560244146
89.13333333333333,392.7005102582336
89.2,392.0093477218816
89.26666666666667,400.9831322245212
89.33333333333333,401.43083193797014
89.4,399.6636903023013
89.46666666666667,406.7682947684175
89.53333333333333,418.6705830106841
89.6,415.6513120316198
89.66666666666667,379.7320860288071
89.73333333333333,364.29473853202626
89.8,417.2167986685891
89.86666666666666,383.2977084126575
89.93333333333334,401.02874119383205
90.0,387.4483046091096
90.06666666666666,378.5705156585219
90.13333333333333,414.3228298119606
90.2,418.18932740453977
90.26666666666667,398.7558995446548
90.33333333333333,369.1399211733819
90.4,400.4143332762128
90.46666666666667,415.08794896992714
90.53333333333333,387.6305486906103
90.6,413.16839879668726
90.66666666666667,410.7925744846274
90.73333333333333,420.3162613829052
90.8,414.0257055262123
90.86666666666666,398.24152144233227
90.93333333333334,431.3921280805229
91.0,411.6720564045955
91.06666666666666,414.24732079624
91.13333333333333,401.2652028361243
91.2,409.2227662321274
91.26666666666667,403.20818151181874
91.33333333333333,414.49469799003754
91.4,443.37362720213525
91.46666666666667,397.7290384115853
91.53333333333333,394.71413458740443
91.6,441.59555491240417
91.66666666666667,416.999033731611
91.73333333333333,410.7141311423235
91.8,436.9605703109412
91.86666666666666,412.88998912616916
91.93333333333334,449.977034592093
92.0,433.3688880700891
92.06666666666666,416.49488443337003
92.13333333333333,456.78717875453805
92.2,415.95627615494993
92.26666666666667,436.7883194690285
92.33333333333333,430.76161092831956
92.4,446.414119340982
92.46666666666667,450.92689017312506
92.53333333333333,428.6009511248754
92.6,417.4367319448072
92.66666666666667,436.2551376996424
92.73333333333333,419.80782500927404
92.8,460.7928087128994
92.86666666666666,433.2589188551299
92.93333333333334,426.3503989525407
93.0,435.2202045879737
93.06666666666666,412.86332787927677
93.13333333333333,419.11667831122907
93.2,452.3182086191664
93.26666666666667,425.0801413709847
93.33333333333333,419.8518908153264
93.4,444.2277912879094
93.46666666666667,454.5864512088339
93.53333333333333,448.2085218821982
93.6,452.98871528708725
93.66666666666667,427.32029589368034
93.73333333333333,417.9697288877612
93.8,462.44200477933225
93.86666666666666,435.7073579729235
93.93333333333334,437.4110603087299
94.0,461.72291212773587
94.06666666666666,450.7703390298988
94.13333333333333,449.89253880344626
94.2,476.1570351735163
94.26666666666667,434.6574487665201
94.33333333333333,458.8564908101074
94.4,446.42319687345633
94.46666666666667,450.22643973850444
94.53333333333333,469.7545819517435
94.6,455.07553634434424
94.66666666666667,456.16333007463345
94.73333333333333,464.80783228186925
94.8,443.8777090568567
94.86666666666666,437.3960772121371
94.93333333333334,434.9447509785735
95.0,421.75465115936
95.06666666666666,482.7266625046604
95.13333333333333,435.9694300697302
95.2,449.8331956462135
95.26666666666667,449.63468939055514
95.33333333333333,459.0333226893587
95.4,467.29405818808954
95.46666666666667,468.6013245476184
95.53333333333333,447.5847273103548
95.6,454.4611742932038
95.66666666666667,461.8442548128801
95.73333333333333,454.5131886628024
95.8,482.9921836402999
95.86666666666666,466.88551316346263
95.93333333333334,471.18338901296954
96.0,470.7432190300112
96.06666666666666,479.0423300845021
96.13333333333333,464.7962122694444
96.2,443.26952078066233
96.26666666666667,469.35887483184524
96.33333333333333,454.235202148678
96.4,456.71874977375376
96.46666666666667,474.0863491702154
96.53333333333333,484.5084682937267
96.6,466.8970736510409
96.66666666666667,471.85471741120676
96.73333333333333,493.40011305841756
96.8,472.12329769232855
96.86666666666666,508.1828022682614
96.93333333333334,478.2862002400288
97.0,444.03855861266277
97.06666666666666,482.39701320545686
97.13333333333333,477.46159799546376
97.2,491.73829131124126
97.26666666666667,483.1379424912716
97.33333333333333,471.6120491291323
97.4,455.9735264556595
97.46666666666667,471.85220669626517
97.53333333333333,462.87974874241604
97.6,467.5801482529291
97.66666666666667,485.7675649551981
97.73333333333333,502.6387897874933
97.8,484.1620729473447
97.86666666666666,460.9559762916944
97.93333333333334,486.2159289121911
98.0,498.1494722996848
98.06666666666666,471.70681199076483
98.13333333333333,479.4972980554618
98.2,482.382322920938
98.26666666666667,471.04341419265523
98.33333333333333,493.19642872988004
98.4,482.31377777088335
98.46666666666667,491.0772088808277
98.53333333333333,472.12850622185744
98.6,479.5361254951488
98.66666666666667,497.59127592297216
98.73333333333333,481.8210582741791
98.8,513.9764577685011
98.86666666666666,482.73634610466974
98.93333333333334,492.76049310850055
99.0,504.03886247809635
99.06666666666666,469.43473622822677
99.13333333333333,464.95875670917724
99.2,469.1471552814487
99.26666666666667,511.6323171069633
99.33333333333333,485.0776833671688
99.4,532.3909892850238
99.46666666666667,486.2171749090281
99.53333333333333,498.11249177017777
99.6,519.1396492885181
99.66666666666667,526.7636155446091
99.73333333333333,528.2594425384349
99.8,516.1274934588971
99.86666666666666,514.0284934427275
99.93333333333334,508.22145979357344
100.0,511.67541614249956
100.06666666666666,492.3991031439609
100.13333333333333,489.0612389708876
100.2,501.9513831388358
100.26666666666667,500.1174528843483
100.33333333333333,496.54046814897976
100.4,514.4538117118508
100.46666666666667,519.0071336841132
100.53333333333333,506.6736588499333
100.6,528.1809512158289
100.66666666666667,489.5635521768864
100.73333333333333,504.45533033302655
100.8,497.2796651909579
100.86666666666666,480.70617296612625
100.93333333333334,508.1366786012485
101.0,508.2237873742508
101.06666666666666,533.4253017041875
101.13333333333333,520.8597308238772
101.2,496.7091976350619
101.26666666666667,540.5582773839017
101.33333333333333,531.7377276551025
101.4,522.8294655520293
101.46666666666667,511.3769607394747
101.53333333333333,501.05930033803673
101.6,510.54489835893423
101.66666666666667,533.1367848511184
101.73333333333333,545.7523501445746
101.8,541.3106529240829
101.86666666666666,511.5081475620947
101.93333333333334,502.7259607228871
102.0,522.3132937036681
102.06666666666666,494.3536317387794
102.13333333333333,526.4084046016605
102.2,520.02796120552
102.26666666666667,515.9330080275319
102.33333333333333,499.68500954655354
102.4,531.9920015985459
102.46666666666667,516.9803762939603
102.53333333333333,508.105469686568
102.6,483.2540668007752
102.66666666666667,526.6094986464627
102.73333333333333,554.2906628389351
102.8,553.3108882182181
102.86666666666666,522.2211117067613
102.93333333333334,520.730374650129
103.0,537.4816138411254
103.06666666666666,516.1611073010645
103.13333333333333,536.3511007195142
103.2,544.0032041757704
103.26666666666667,551.6042205804869
103.33333333333333,532.3865777416896
103.39999999999999,531.5228937473454
103.46666666666667,522.0978167542071
103.53333333333333,523.5543502449577
103.6,533.2508166214772
103.66666666666667,542.8493714911316
103.73333333333333,551.733991615721
103.8,526.6743157397948
103.86666666666666,561.804550756615
103.93333333333334,536.0400348732503
104.0,540.4794905847735
104.06666666666666,530.2853803683382
104.13333333333333,505.82395165146136
104.2,556.1426809454158
104.26666666666667,554.6295473452755
104.33333333333333,540.052308865449
104.39999999999999,545.972860758373
104.46666666666667,553.4033104877838
104.53333333333333,522.9227010355908
104.6,539.1222098398055
104.66666666666667,559.669525749883
104.73333333333333,529.6392142080168
104.8,553.5553689824993
104.86666666666666,529.5021618195378
104.93333333333334,557.5466719587251
105.0,550.7153777655377
105.06666666666666,527.7232449836395
105.13333333333333,570.1219792057464
105.2,542.3331263480294
105.26666666666667,541.8997690003399
105.33333333333333,557.7640935140196
105.39999999999999,572.6875602414307
105.46666666666667,540.923561604213
105.53333333333333,557.7894199699418
105.6,564.0002475049586
105.66666666666667,568.6688063311694
105.73333333333333,561.6235122180473
105.8,554.1765824137502
105.86666666666666,547.9737022458246
105.93333333333334,562.3857138012512
106.0,545.7179148202159
106.06666666666666,518.6866316364698
106.13333333333333,569.7626192845872
106.2,577.481022616293
106.26666666666667,529.1862356890947
106.33333333333333,550.1929283182398
106.39999999999999,575.3353139150779
106.46666666666667,597.6199876012312
106.53333333333333,567.7794611706867
106.6,557.257955881563
106.66666666666667,566.1454422723165
106.73333333333333,590.223368509445
106.8,560.6225373131319
106.86666666666666,559.0363421224683
106.93333333333334,564.4957360561585
107.0,558.1500708761193
107.06666666666666,575.0036102954775
107.13333333333333,598.2477324325989
107.2,579.4381890967404
107.26666666666667,571.5215863569946
107.33333333333333,571.6450531884891
107.39999999999999,553.2901378695501
107.46666666666667,590.7008688794297
107.53333333333333,577.0033309336968
107.6,576.1808012961405
107.66666666666667,627.5021690732285
107.73333333333333,584.8048491810408
107.8,569.7651342485723
107.86666666666666,575.3655249458058
107.93333333333334,599.7069078601736
108.0,584.8990561580665
108.06666666666666,562.3460525474618
108.13333333333333,598.429322907517
108.2,575.3398387169151
108.26666666666667,614.1830221988188
108.33333333333333,603.0062765412753
108.39999999999999,580.8181715651186
108.46666666666667,607.4661343149157
108.53333333333333,589.9920548801333
108.6,602.4896051268332
108.66666666666667,597.6932144816394
108.73333333333333,578.4515390640257
108.8,582.2187525152381
108.86666666666666,608.0469678192728
108.93333333333334,588.3019255739574
109.0,587.9952730513701
109.06666666666666,580.4500501986487
109.13333333333333,601.8582082061241
109.2,627.1698737886472
109.26666666666667,580.9472285084081
109.33333333333333,598.0521807389803
109.39999999999999,619.6013083312314
109.46666666666667,597.9529346868699
109.53333333333333,606.6631324993016
109.6,584.6720970777967
109.66666666666667,607.7634953470036
109.73333333333333,599.263058247154
109.8,617.5879499351979
109.86666666666666,621.3450129956934
109.93333333333334,643.1103435191682
110.0,613.6944975982036
110.06666666666666,610.620500304288
110.13333333333333,609.3833200792155
110.2,601.9045056078398
110.26666666666667,613.0141465408143
110.33333333333333,604.2412010701368
110.39999999999999,611.9349146440442
110.46666666666667,629.9081852563417
110.53333333333333,595.7827504096942
110.6,628.7161784169356
110.66666666666667,632.1122815656536
110.73333333333333,611.3225276506894
110.8,582.0041765148711
110.86666666666666,605.4535590824725
110.93333333333334,634.765140420639
111.0,615.7069790655169
111.06666666666666,601.8006887377986
111.13333333333333,609.9592650704656
111.2,630.8813003975683
111.26666666666667,627.2145590785764
111.33333333333333,616.17157406801
111.39999999999999,614.9956338227796
111.46666666666667,615.3645166532317
111.53333333333333,608.1480694547447
111.6,646.9586353420417
111.66666666666667,618.6374151840522
111.73333333333333,642.4742667012714
111.8,647.7817407788367
111.86666666666666,640.682219027775
111.93333333333334,619.979250864785
112.0,633.2559513550492
112.06666666666666,627.5839547930252
112.13333333333333,615.1386943112702
112.2,634.3073892258241
112.26666666666667,612.5046253548252
112.33333333333333,648.7540797158123
112.39999999999999,624.7187405405241
112.46666666666667,635.4549503936482
112.53333333333333,637.4368736287478
112.6,630.0544253944388
112.66666666666667,643.4892959110181
112.73333333333333,628.3166673728844
112.8,649.2614594618586
112.86666666666666,616.7545270185209
112.93333333333334,639.5925825820852
113.0,667.5339349858743
113.06666666666666,624.1985856864719
113.13333333333333,629.7913809976827
113.2,648.4206177448837
113.26666666666667,644.1606156179829
113.33333333333333,647.4816737113256
113.39999999999999,650.3158069522149
113.46666666666667,653.2550442506489
113.53333333333333,661.1363865182324
113.6,651.3952798539277
113.66666666666667,642.3866907362775
113.73333333333333,656.8521610735966
113.8,676.0202290234282
113.86666666666666,646.2913826931502
113.93333333333334,634.4222826521627
114.0,666.4062100393047
114.06666666666666,648.7545047629183
114.13333333333333,618.7308456986784
114.2,664.7933251572564
114.26666666666667,644.8136327662469
114.33333333333333,652.2475563209931
114.39999999999999,659.3477049585351
114.46666666666667,657.9883840855749
114.53333333333333,666.5359994793077
114.6,650.1257044414523
114.66666666666667,665.1188091948636
114.73333333333333,654.2936887251302
114.8,670.0341572133126
114.86666666666666,668.9480678157513
114.93333333333334,646.4519750248867
115.0,677.5397317426255
115.06666666666666,653.9774372121781
115.13333333333333,674.9050891964393
115.2,669.0613097010203
115.26666666666667,691.892977374149
115.33333333333333,661.7368991533111
115.39999999999999,660.618248058227
115.46666666666667,666.3362614672396
115.53333333333333,662.8498588130415
115.6,680.1671285291308
115.66666666666667,644.6942297623401
115.73333333333333,653.9049859350271
115.8,654.4649561763121
115.86666666666666,685.5088361018259
115.93333333333334,697.686089477618
116.0,671.233261721938
116.06666666666666,671.0412297077054
116.13333333333333,675.3983380022532
116.2,692.550174539123
116.26666666666667,661.9865918760304
116.33333333333333,680.247756963244
116.39999999999999,692.0759644467363
116.46666666666667,685.74063477132
116.53333333333333,681.84461313787
116.6,694.7936913885071
116.66666666666667,640.0070711605671
116.73333333333333,691.5016853485192
116.8,672.3008647530887
116.86666666666666,655.4313954360421
116.93333333333334,691.3382612150971
117.0,705.0548781774444
117.06666666666666,683.1684945028069
117.13333333333333,700.304007096933
117.2,710.9761738698297
117.26666666666667,707.2972723593163
117.33333333333333,712.9550234961264
117.39999999999999,700.2699123660783
117.46666666666667,691.0523934724129
117.53333333333333,666.6747350437647
117.6,687.7970626780507
117.66666666666667,679.6235232924795
117.73333333333333,725.6210296513561
117.8,691.203712813515
117.86666666666666,696.4756276573228
117.93333333333334,703.6858361961627
118.0,696.8540366955868
118.06666666666666,722.4126544953501
118.13333333333333,688.4344817962054
118.2,701.4811118285586
118.26666666666667,688.2131634367516
118.33333333333333,680.3385512205783
118.39999999999999,691.7514636364206
118.46666666666667,701.1620035998294
118.53333333333333,696.0680221877966
118.6,692.9116853018921
118.66666666666667,682.9941269338115
118.73333333333333,703.6336386327919
118.8,683.101194389535
118.86666666666666,717.8650616775662
118.93333333333334,708.4934851829065
119.0,686.1867275080261
119.06666666666666,704.2054193998076
119.13333333333333,698.3552094716968
119.2,715.2196176562878
119.26666666666667,731.3336455792361
119.33333333333333,683.8946351775361
119.39999999999999,714.5433911872112
119.46666666666667,711.2122302887227
119.53333333333333,724.480990035646
119.6,718.4059494235653
119.66666666666667,704.7260155794734
119.73333333333333,712.0177465205563
119.8,705.6616121479476
119.86666666666666,734.5409959678678
119.93333333333334,719.5198969523013
120.0,748.5178602862951
