x,y
-3.7637964345791257,-10.866799001774496
13.521429192297486,232.1839313511103
6.959818254342153,199.87963607125582
2.959754525911098,119.27673659084192
-10.319440786726904,-285.6782434998845
-10.32016438991392,-246.13410915918763
-13.257491634954016,-443.2436494788414
10.985284373248057,230.7379069828999
3.0334503522962635,161.31469089103
6.242177333881365,144.98080307858683
-14.382465171125926,-607.7648542821522
14.09729556485983,306.62486529789794
9.973279224012654,191.61299598147676
-8.629826679651716,-170.07570041951533
-9.545250983786982,-180.18605164387162
-9.497864704396985,-196.78933096815388
-5.872732711213867,-32.25870693885207
0.7426929489671359,164.63221796398278
-2.0416494407365278,47.68958455133465
-6.263125794058743,-35.020719927172316
3.3555868416713857,140.8920399549495
-10.815184180438745,-284.4270969061465
-6.235660543943455,-18.95583747138297
-4.00914470118925,28.76003741231594
-1.3179004734889226,91.44443012817572
8.555278841790408,211.1434453523802
-9.009786535249209,-192.8787704075755
0.4270331524083488,85.21187791002721
2.7724370658612756,107.7343430284536
-13.606487618400068,-551.7540650867063
3.2263455570431496,189.66007601329716
-9.884276289381255,-260.68087154682473
-13.048452210441614,-461.0886357565429
13.466566117599996,248.409893819303
13.96896099223678,273.8666016876423
9.251920443493834,211.89083137799187
-5.86158692479888,-21.739359030887393
-12.069836579808484,-393.5258031655877
5.526990795364707,153.88821820831524
-1.7954251878119614,75.8597238167808
-11.338852954656636,-332.63179043368916
-0.14469269666189533,137.98791372900817
-13.968344366543448,-522.1683629370785
12.279612062363462,251.23349865349385
-7.2366005519994925,-81.34687877955646
4.8756685306194605,182.05865853075693
-5.648667717317672,-31.109832768092865
0.6020406353343244,76.19014211652058
1.4013083802983886,128.84804531903262
-9.454366334234189,-224.51699444487957
14.087538832936758,255.65283968655763
8.253984700833435,196.07802994135574
13.184968246925674,280.56790353073626
11.844820512829465,226.1721635601361
2.9369993643325536,143.19806927588283
12.656227050693506,282.09196468772484
-12.345224938442415,-393.7478555950874
-9.120514127425643,-124.69368513184006
-13.643181332683858,-491.63813816514966
-5.240090077102069,-65.64264003694527
-3.339681309315539,52.74672262831372
-6.859529046783123,-72.42110860888337
9.86212527455788,230.60624717819573
-4.297400199192321,24.651951291883773
-6.571964709378577,-73.73908660775085
1.2808824947474555,86.78409403961867
-10.77227325075712,-293.5623573778462
9.06590942262119,168.25612317210448
-12.763480689606876,-447.00074723373325
14.60660809801552,295.9354375853569
8.167343078899723,222.34763247257277
-9.038529553974827,-175.43337233386228
-14.834336486291928,-644.98970121058
9.463842853645026,204.92911015659365
6.205720315428515,193.51761362900533
6.870215041229621,153.86794798056573
8.138110400578373,176.97505109315193
-12.77866044797729,-433.33334347410675
-4.246028143671822,-10.30592805619732
-11.523928214246109,-323.14019817232537
10.893102776267806,208.4612646624244
3.6989438048267367,153.09652025575232
-5.073059254420524,-38.30550242064637
-13.093249491419291,-470.17823840934693
-5.670530348530134,-18.34779787308807
-5.2445003391975895,-31.091493820355836
6.888185350141921,212.4380677253284
4.126724140656393,136.39356004344552
11.616382277289794,227.6607455663618
-0.8335522451415205,109.93717471296277
-11.41217262185095,-366.96759857046044
6.397343616689849,121.15596786659717
7.823551458506923,139.2827674249865
1.8383159270848886,155.51892399473454
8.129015398636831,166.4437885452228
-0.1861321090682786,161.1209749108553
0.6819848814598224,95.5876627442885
-2.173769449243512,65.61789661893651
-14.237426197677145,-520.2729403345518
-11.763257190200866,-306.28680677290623
-14.057124429397973,-490.8834220652414
4.0923123379134125,176.29479914577564
-5.5693205677102,-7.251225666456822
0.2571207349410827,118.59184136426732
12.226994217782792,251.41964539263384
-7.521233125533752,-124.26365411289022
-2.6885123089311076,29.18332694520881
7.666534156291462,175.92519422821042
-8.136055035251326,-143.4297653394063
-12.690602705136211,-438.0201688615701
-6.3074564125869585,-42.50847971696942
-10.163361382379868,-226.00742480775747
12.89092957027719,246.11431416879583
9.243611386932507,228.3462076787167
4.002112695312704,116.75627775140846
11.14381770563153,210.1665665210005
9.110162306973432,172.0646988399298
-9.402898233418924,-251.99895819660216
11.776769954699333,222.4880800167616
1.18026725746952,113.10377459844912
9.223204654921876,229.02495846707717
11.882738997704799,242.0205585595609
-5.459895750844083,-54.66900169028607
-11.698442264169698,-305.4167173795313
-8.161945123741749,-109.90505213408805
-2.1867663412123104,75.28062097435125
9.540442977674793,189.0064927971496
10.821917497690304,186.52388974188707
-14.791436084064278,-620.2523498455068
0.3224190773269715,131.9326029528798
-2.4776699055366294,101.51828851836608
-8.336765685878092,-110.43172662304251
-11.404038979989515,-343.16269559812037
-4.871544857891161,-37.63473575497211
13.287291117375574,255.18194202564243
-5.303912039377343,-67.97192800215763
0.5637186523009827,116.16617782177427
6.090568766855334,158.96952064576396
-4.0911119286211814,2.104610161775586
14.153462481628821,230.51576817054013
13.873418848263338,276.8920695593334
-7.446531125239075,-120.46061984547198
-0.08254482322843693,69.5056910112111
-5.97365070549691,-119.15439206852123
-6.454785168675972,-66.33211756347666
-13.893391579364016,-483.4515060031407
3.2869300193969053,180.3565583981314
0.0803706968658453,89.77043904016199
-13.45563746250032,-504.6888369237615
-6.640606072901656,-61.30537161989097
12.247976578999612,207.35933633253975
-7.813143279990827,-116.29344811981582
-10.653153837263307,-261.4645409962463
-0.3164171916731089,125.80471134030329
14.56951362331802,277.80166741820153
-7.738341854654988,-125.4623748575907
5.164066422176358,133.15025478680312
7.848588459861528,156.97970975379178
-7.87087368022801,-132.19826370009847
6.846490458355788,178.09695103668466
-3.966506018422404,40.093821443523034
3.9691749178073827,124.93015439586621
4.005891322826841,182.64880973149786
1.073240522242756,108.02483803275194
-12.29130689836775,-396.17995364678
10.05907486767714,182.03176172075058
-5.3765980508479245,-86.82414115353353
-9.404444688004373,-183.3212241344665
-13.776745753357083,-499.0251702449687
2.7267882956472533,126.3654146495272
5.326930855268472,158.10836097145486
-14.502365132164316,-570.5275033838855
0.36279174897842914,66.22363087973997
-8.205126744061861,-155.7603409044069
4.355183712283495,168.20574692689738
-9.769007129850257,-257.67288103276803
5.728132143073978,167.04353471624927
-3.3979396109838778,-1.4851128303022705
13.101899662102035,259.63235492627865
-10.874371675620203,-295.9230664051644
-4.768009468492245,-46.766820876866845
-11.595794362782328,-315.3172897320462
12.740808548356885,222.72697431951326
11.320180601429431,197.31550928197248
-7.261751168545332,-93.99706361090695
4.799521381025372,180.80539234764902
9.516666006036473,169.00679329772436
1.6560243479838697,123.40936710771908
0.8895173506801939,123.16295101703395
-7.74443127298645,-103.32400546157737
-12.206916965823023,-384.82898382912305
11.916472738599804,217.62028443325212
12.012541714899914,207.67663804371742
3.993043718198038,147.3726426036629
-4.829106268538979,-35.10751359916895
-4.523712761620173,-71.92634691221679
6.778670366107182,179.2573739937966
11.913307798577314,249.34302613794938
11.612592727953519,162.91175489465576
8.396266375728715,157.53796239097787
4.260949384628631,163.02150293193182
-12.475801050148535,-358.4006213585356
-10.151138577161587,-248.62409507789695
11.956625655812378,209.24932989924244
3.1928717897876986,133.36581511662172
-14.72408845150111,-570.0994628197495
-11.955853714019037,-386.64775732931605
4.905053073241675,132.98547553443325
-14.84815248461344,-628.4996254358417
-10.175758457475041,-274.4810431269554
1.4620136809975826,122.65073447063905
5.756855930780798,200.55544678816463
4.5588377850780155,158.15218968388467
-8.271920716183207,-152.11749761860207
6.365376640426074,157.61761611534084
-7.882527375095998,-166.16300436462728
-5.238009055221969,0.523549902685108
7.394742153540726,171.66180837590184
4.488986971416441,144.97363351449673
10.476702314825339,285.7602205397522
4.728386769010299,158.9655448365802
2.049258100064147,107.50714897745279
-12.189756965157226,-398.60297256095976
-3.9685259082169946,45.90913965704356
-7.0439289695482366,-86.8323684430457
-7.680310698627492,-153.6590036536329
14.190316642573368,294.21777289383164
-3.207068259997188,20.539036588091264
11.761396655313398,271.1440041886579
3.9341587799178868,171.702851951269
8.844339106249453,176.0429776012782
0.07911279315576358,133.2046250006342
2.3071165387907726,130.77541202653936
-0.22446918543408323,117.89104868446238
-9.142710366058665,-178.82551745339254
6.673563457845159,146.3059738285656
-6.576829126774326,-86.5603057228245
-14.270521007056384,-536.1173028425217
4.364168877215036,140.05637393125969
-9.686679617788531,-231.61379543374258
13.21375753058743,226.3059111674324
13.617857310077621,269.0990286549008
12.445931706613457,287.3229362577762
-3.895238992336669,-7.4615133326109415
-14.536301504133977,-586.0144780566092
12.849556877631763,278.4278563985518
-2.1544755504805693,59.421674255696445
13.999644571310085,278.18127665480915
13.908599312677584,238.27264494951126
10.590283664020802,218.11906999814448
-6.166533237912429,-59.22222236027051
-3.4470681419422426,55.81136150925602
10.534100145505708,236.36125483346763
-5.492339845311671,34.557380390178615
-9.915217599417225,-220.44590455823268
1.7040378737505044,130.56734834146752
13.08464322482343,252.49337944350725
5.880893900249191,152.11966980461418
2.1018351026809476,135.33834064226014
-12.084705186876944,-387.443340716343
3.4502168009750918,144.55497693640118
14.701615503127897,316.5291006667386
-10.797479542904279,-315.1465519734053
0.5498895709121019,136.39409258007078
11.321192157838663,250.5146107931098
7.223058532626133,169.16626452775475
5.9104722298580405,108.14351160277997
6.074522519613279,147.3329162698488
-4.215265463407345,42.630811032544244
-6.192244672065199,-56.08847869997682
9.28083466435541,166.8269024664911
9.303401840375422,179.43451150116294
11.012169557403112,234.15616067691303
12.397216576694138,248.57123778375575
0.34027196582813346,98.99459288283036
0.045488840615988124,91.5092458212238
8.948855369003255,178.50542618399825
4.498917923332954,126.50934883584361
6.0590063177311,202.7861070753026
8.87378008308303,179.4688908863405
11.700160254526988,253.77638374456822
-4.860145294453925,28.74939852251805
-3.7325114208016803,48.61213056165123
-12.180541804773931,-398.0394896579284
2.348404229885219,139.6079146462704
-13.921731786097737,-530.8848629984982
-1.0320594560261949,60.57143494426012
1.2793390412272991,125.48159094784982
-6.403762436151467,-93.12470132775755
2.7249978170703244,163.07265080868143
-14.084992501828516,-556.5543085969815
-13.879554337523567,-521.4997432591027
9.678016819789747,203.30936780648395
-4.1942807576621135,4.337772527980031
-11.188184620443456,-301.4000371679426
0.667297801644132,97.62333168425991
8.099806592958323,201.74949640087527
-8.525369175094704,-192.1231468877782
3.686714274570008,145.65762088889355
-12.439576050186961,-358.5577362663844
-13.44954836494177,-514.1224769791386
0.9406389470444392,96.16245750917429
1.2190536483031948,129.47700460300808
4.122897044946196,150.84081526996854
6.782740011679845,177.14324183874717
14.27556238387604,285.4599566165103
0.48901044903585955,122.92442162300647
-5.311305811762621,3.7327213418294605
8.85558584306111,197.58629448155563
-6.875032462137774,-88.62311816891788
-1.8308573788309168,84.8994380171655
-12.64630855973202,-375.6884343599726
-14.239477697536275,-562.3297503763245
13.87945244033775,239.82237699647072
10.079403615366175,228.63556960170786
5.879226182810939,157.9257084166472
-2.731411667571903,-5.667105047520977
-9.801170397874627,-207.01459131288692
-10.30688871986742,-272.109347315273
-7.49271305506214,-111.46818316178792
1.4767999411836144,128.05983834700416
6.4378776810018685,170.27295509378433
4.805921301531939,169.8789844658042
-6.601983091621715,-82.36318850916355
13.645958419895823,271.93546154877646
7.136907500873054,164.88891816241073
1.630621575342019,140.04237281555973
3.3516223870305666,154.81397737757527
-2.411998127166303,32.470512973974365
-7.568070314965276,-85.44497831418292
-4.320819640462153,-6.2614821989864895
7.735383313931074,196.82870030411755
-14.568195341107323,-580.4484539671312
-11.517820784792512,-292.96189970714005
-13.619920739347418,-509.34495709084496
-13.778135930430896,-526.3014225256562
10.663817520330216,207.89738438230282
6.109735781400712,155.236764422108
-0.7747851273802446,107.62386343390466
-12.064975180469956,-418.9942517742143
-0.25152374649502995,69.80805241853955
-0.7958468765830293,60.57189239767912
-9.803943902699544,-204.60526222027926
-1.9844505228608096,107.72588409216883
-3.044857968078796,38.61445237274436
3.475502941566493,136.35572757347995
4.052809526029314,147.49292185070675
-13.640879706838664,-476.5290878580126
-3.761621561205864,-0.31374053962543513
3.77579747142709,149.25632548385073
0.09408775740263131,125.78069240215974
10.694695235649668,221.32150666563908
4.76080894856835,156.50667445889204
-10.11196718755711,-221.73334814639267
-12.882937577987104,-509.66172096814256
4.272578346189469,164.58933933719612
-14.204660683751346,-572.1762431421201
2.5732674382038994,86.07990208732832
13.206907242748727,262.8274259773407
2.2642253362763682,162.965346902421
-3.3549022138043423,30.090564955839717
4.2986465532705935,171.68776370685072
-1.2524132852545016,119.50099818740652
1.3685036794780494,151.3324593275592
13.243944263295756,291.78686272094785
-3.4169208659767722,50.49639457914022
13.835716914717427,265.10626494268377
12.160519258681912,190.78409252668374
-9.126265956321106,-196.2000851899362
-12.919160973745036,-466.09307019490933
-11.9766599586772,-317.7603610109958
-14.453345230453507,-583.2267959199855
-12.16671117732215,-383.12688826702487
5.490203202490704,171.55351162452243
-12.86434054619313,-439.49006900222224
-5.430731091187161,14.31216353009161
10.346259329083637,188.6996899223563
-14.301841927925224,-559.8872594909902
9.434054477668074,174.9224651502878
-6.5443567567980026,-102.18023766593492
-11.455055171350313,-349.7998933991697
5.902114960924518,160.1958473919322
3.86828540339652,133.3872190205231
11.32416040581159,200.31998594739716
7.052131314116572,135.49540195432385
9.104427911545457,187.84705954010633
-6.538962822860805,-106.58361744712968
-9.676813686608316,-201.94974213869727
7.51844254922575,176.75489677537018
9.20504217801792,154.5553142009902
14.7151542600202,276.1991719267515
-2.6214696926572056,32.36646970506274
-3.839457426216505,28.735843977531314
8.292388822259905,215.295719422952
-4.775893792409464,-53.51410174966439
12.92271976810694,247.3840215163625
10.752382555290353,205.5645559172231
-2.130179178749449,78.70899571299135
7.526132033744922,180.0917115836736
7.63628622254047,156.9401814640833
-11.906283934922023,-374.83022496485626
12.076587200387,209.52622119139016
0.15757117343571458,129.23422551670168
9.793723983232248,198.09515944101253
-5.398511969081648,20.565999426637717
11.865696854886014,224.45917565792465
-3.3239496379751063,16.60145793945649
-14.67487045559105,-637.6063113436059
12.16145929257791,185.7706047166799
-12.261399696415992,-432.97286925581454
-5.420590872287555,-21.0391149692334
13.501859011524147,268.7831834496713
13.518214408126681,216.87720554104823
2.203136643698585,150.3469868546307
3.9551163650939785,132.80956150209803
-1.5466343406504066,77.34083997426553
-6.2036768490580645,-15.645023368371177
-5.140063638902522,4.109598098354276
5.175553682311154,148.48080754551273
7.571235883130399,152.88113884565524
8.747371311775456,132.44765837210906
8.688544283836617,167.67373134526113
-12.263816908539289,-398.8314548069036
-0.16739085892255545,72.77569698088968
-13.273237199500672,-477.48700713842527
1.4858664697120645,121.7895697533366
-1.754084958798689,63.99735969526668
11.631125482748992,206.0217352644967
-4.47254962343764,6.860954381516182
-11.487989507171825,-325.7680467036922
-10.710249538414924,-311.5647289791396
7.845318951524167,212.89528212921482
3.5465418994878313,138.7624520641022
-11.966319716316292,-370.7992883728574
-12.476795816550077,-392.20987252985987
6.0290739437736,167.98769910075504
-12.817109809074195,-412.9523101033517
9.655801778710686,203.15149618892966
6.187266814694887,148.1397266798505
-12.559536580743007,-407.32742494327493
-12.454868577444243,-436.80790086387566
14.599187355035262,283.7514223676165
-3.771876127316391,21.762262109142643
-3.8807355879932732,14.42281331714262
9.383987017725076,189.7195680443815
13.417457321515762,207.2682521740867
14.580031914686128,266.84645781487495
7.601345557768248,177.7494047160032
-3.7122124340725264,28.19566236327918
-12.494978499039938,-437.01998942001075
8.314407477823103,213.63744569444313
1.7521274920741519,101.32012643497232
-2.273339722590711,83.11223090766556
12.190631552842078,242.02229602264956
-11.66407553081546,-365.4609658503143
-0.22124687127422504,141.00457092730414
-14.659390656977427,-628.1279507948175
-0.9401807401762117,107.75724102469592
-13.310901729544879,-452.3549813059915
-11.435462511957843,-349.9001288241866
-11.474212596686854,-301.0372961978147
4.4763090634819065,143.1271954419113
7.3813463779627,180.7081182594881
2.50106295291479,137.61275690863684
13.86517645423626,260.51211937498505
-3.7538826142888784,43.349122025688814
-6.4286374115441784,-44.78270934161374
11.057973845683808,170.07265855957704
-8.29212484441642,-114.19583689176345
13.89667618321834,223.00521368926422
-14.63536575930551,-570.1860049304314
14.096364801229171,297.23783892100147
-13.705202641482717,-538.4511451873166
11.734293410942133,213.6133053439584
0.8310332725889964,84.03431757518777
14.788943883579009,280.42295522110913
-12.786103057938034,-441.9967358483352
1.6156285320396222,140.8888388574543
14.07907606857297,301.43258963535914
0.6929353251044645,144.7332242655701
3.881959144057877,130.18663019402192
5.8724606695385155,155.64956297533053
-1.3637680569668031,35.04813881174964
3.8267424025219015,123.60434117183166
2.529429357693008,155.5179482540441
12.034740314729671,269.1222973918991
-13.636608589756264,-536.064050453184
-6.571104312233091,-85.05501479435587
13.512344522296761,255.62401640246856
11.70791351672749,230.47299799844825
-1.3302974164286123,57.51702620045061
3.603977934046103,152.3515650960037
-6.678564510566019,-86.40030562527714
-9.35636520828716,-203.09163171876781
-1.0890478518005349,95.80774347934158
-4.399433159218415,4.982469061085941
2.509683355526164,120.28389911128055
-12.667960891050456,-427.6366901585314
14.231844229984993,269.9957322303359
14.586322334388086,271.4694320288575
5.944851420592354,155.0002567664144
1.0828909903236124,154.89125050914316
-5.714171511410168,-23.932135146809678
9.413850591208462,185.87431627924917
5.541935176616377,175.61191266716054
-10.121491819653262,-255.68383081607496
12.327815534815272,263.0217204882804
9.676117287695071,205.44649399647687
13.49399739875772,253.21846600137258
6.771585251650798,179.47693452149377
3.4024558780736953,100.63013336373032
-2.4527089112814338,26.78839522656954
12.981854500620397,215.7923515052671
10.981916685012251,216.29059268915114
-13.643439896814318,-462.4854563031812
-14.20899076508244,-500.43796974644926
-3.7060989936585127,40.314316014804334
9.316599923454987,204.71830099860424
14.618283879448335,236.48374420023396
-10.487493266894155,-283.6087946518827
2.823921460564055,114.67115093804736
-3.573274301069354,12.364026466499244
14.097431934438095,264.89105150909074
10.26356769407126,191.42435068798585
10.149861141334135,152.3362865566287
-0.9392052061508913,103.49315708166742
-2.555414929870045,25.845919667021175
-6.797787842078813,-73.42631553258694
-13.308735100472187,-425.3351607945986
10.941671287651598,189.17196254390373
9.387030273902326,129.70921205582144
14.991530198583916,283.8777020114881
14.89910511221716,316.1452787423753
1.6629511680788234,170.90637749983233
8.069622455415313,148.94692194774834
13.34297189647284,265.2062059963955
10.489421720322344,194.46408578961513
-7.57955694770407,-115.76270365392159
-1.4836759406971947,140.98327089148341
-11.12521754545515,-349.3652146678028
13.62153081776167,264.93066770394626
3.1852390335264005,149.55818176823226
-8.140715834896119,-112.25626601746336
5.151020532175703,157.4423182519469
3.543847213736875,148.9038139577418
-4.255118459014785,-0.7382628875725423
-11.59327223401113,-337.5283830080545
5.147195867783989,146.38153227488002
0.6092310271137986,124.24819637723638
8.169551752069179,171.3805399271607
0.6049050333598025,118.07748708895208
10.565445009556203,206.35418022996856
1.557205163234567,148.86379157263175
1.828139146061588,122.55441955578219
11.29960807975035,172.9432192461217
-2.8955140136280892,76.35520608097835
-10.97954314648078,-324.64805341351155
-14.136519710599831,-565.9555055918669
7.654117670208571,161.00704295869508
3.6092865406039394,176.15917074199268
6.122393042976707,109.52789902647362
-8.611075154732678,-84.39930885462299
-10.908855732396907,-270.9083367976196
-14.563660029963541,-583.6210174556392
-4.48237323580209,0.9779622414779923
2.697530605638992,140.24383837462824
-3.232678647008031,49.63287529248977
-1.8757523392881286,83.3099869112776
12.124760834812452,244.12186186088485
-4.552335989300989,2.482054403689917
0.4196846747943237,101.15562183058366
8.509590382234293,180.10069378641975
-3.103716530361895,34.91899814922649
3.662601006836205,170.6249669127859
10.870911262402355,226.01873119614567
13.485618709729263,182.21669859718043
-10.587795572128861,-260.02459289417544
12.797628754844833,247.0167431983003
-0.23651120761385513,95.91656182300531
-7.252668351031249,-108.32935762865606
-1.2259273128521606,107.78145993491594
14.40097725856431,299.8984834281395
-0.22145718021391225,77.29658839290296
-5.137451691374753,-8.049200826434722
4.002025629501773,121.00632467434225
-7.795631436654208,-157.51402580650912
-12.724100156740082,-445.0173567435461
-11.133608342680523,-290.79936119387406
-11.158624831266827,-290.2281962811875
-10.44291919463117,-254.40148399017096
-10.835184820517696,-274.32633558661047
4.226242344096438,160.1487239212658
-9.543597468025656,-229.33363384722134
-4.629981500284103,8.676650671764111
11.903652297180354,246.5984726908337
-0.781150792113829,106.37441960477352
5.026732155630814,183.6932687168097
-9.830403863951105,-212.21121159516872
-9.231329435739877,-187.0115885269315
-13.773941512005635,-490.44598961146926
-9.931948107835064,-236.59517838875237
-6.642289829041241,-95.13928522177923
-9.689685471697596,-225.77348452788107
-12.338923987288332,-417.9065378055578
-11.380923866981975,-346.2121610543867
-1.1766369590182268,76.96207773351416
-8.809988447826225,-192.9650610603554
-4.071904168557737,6.599947955686625
0.10251812564570706,54.18486867387955
5.7118448588809585,164.9043038811321
-13.820635804767033,-521.2829190927471
8.98231196727128,168.21886729309603
3.8370116847272335,160.3234975131913
-12.547229041533843,-391.96304570560994
11.207358723203317,175.73445059885486
12.626172015954396,219.92089528372418
-13.167661204354088,-484.62560583682006
-6.693670555583889,-98.66270577923906
9.18603839379184,211.52786254251703
7.44779071150975,169.226514392655
-9.46436941930868,-215.41104951047998
-8.71952029989869,-218.53158462051877
-3.8858369162585404,35.37096698267422
-0.4643104442693602,61.78817557890474
3.5476431459088786,142.73552459331884
-3.9325908129068274,25.12993600463776
-1.1239585160055636,115.54175644303032
7.424128144012695,141.14424741993483
-13.899503913282063,-603.7890158834247
-7.426891669679377,-101.67364887365864
6.400487576536573,210.21487798279648
11.85620513061598,256.7967566370031
0.3503232634699831,110.3520722408373
0.9634045579594694,101.10897848187457
-11.784839659806718,-337.8229798280938
-1.5776289952963616,48.73535346243809
0.9785179936506943,125.50330217679902
-7.72588489095811,-107.15936104068614
-6.922703071518571,-58.0672450207621
-3.6814751068613205,94.01274463083502
-14.397864066668209,-563.8416327362124
-5.337625032504651,-37.6216709588344
-8.65655979010366,-165.81916164916998
-5.17507943466256,-63.69255387643558
-11.407136045422464,-348.52512830179154
11.715818422196847,213.36098949261532
2.80777360662146,121.10355703076155
5.373069574334689,160.61945334433887
8.67513715822015,164.95809932734258
-0.0467340321282812,127.32212817254977
-12.392391357377289,-403.38448069463647
1.113196254556435,115.07495226423656
2.6052335406263722,123.97420953434586
7.363184225529899,177.21216827294774
-2.0502136131096176,84.22695410023641
-11.172590916133087,-336.68396893616426
-6.486722826038266,-83.35303098062741
-4.107531108040947,5.6966040675011484
4.3775172399480375,114.8927372427975
2.123349140067358,106.62859167832005
-4.317098223064612,-4.658944697290518
14.59545746378939,302.80498016722964
3.1732445807066156,144.31602939136707
-7.883196247920166,-122.2749020925441
-11.946525821387887,-348.5389493522817
-10.414225824470039,-268.859043377909
-7.621268148464756,-105.24489154003899
-10.179558802213329,-253.46087370094688
-9.402989278460828,-198.70659478345937
-6.447144939184588,-79.91355044749677
-9.798792141157355,-289.0309864070578
11.902962738792755,223.22009383401561
-12.592987630150734,-383.4187764761873
0.7353416871076401,133.56447084423235
-2.688095190310154,73.7828171909951
14.471358507258191,308.8110379667385
-11.63883293495843,-345.2846958781616
-3.064332028627751,45.685541822204925
14.084112998261066,253.34864400572158
10.965213776819407,204.58216385624124
9.512162128478398,209.74628460237165
-7.262915188651805,-68.96482366934649
-9.873372378298026,-235.94127149078778
5.059296597732931,142.98395249147367
12.881279673827574,243.7345313574077
1.7028867904178924,137.4393474441897
2.1483806840969955,91.28480790474399
-6.600627190191474,-128.82632467619726
8.084787995758106,166.06351323343137
-9.3886875432743,-235.05629143198337
-5.28962290787269,-35.98427751362954
-2.236906841507496,55.96388181604075
0.22831136053365064,92.03174195790567
-7.7277080275475925,-83.56844047869131
-11.554895257823894,-333.36665275992675
3.3186012732489765,146.63351028146414
-6.341083402792327,-45.660232834345706
2.4371466426783677,101.97206280919688
-10.36911854177393,-236.62245829321742
-0.5657969443554762,89.22210840349051
0.9776829765475767,130.34564051351552
-13.445293895327193,-515.5479363909541
-4.901871654182383,-49.45092949272034
-10.967559691830772,-280.75911300215085
-13.098750885816967,-450.285113447617
14.698806971698357,260.96738012870156
-5.3293846507583105,-46.360845620974665
9.296233375639044,220.1120291585018
-7.3607803570870844,-133.0813635401274
5.445081666717879,198.46520480381852
7.806835796690596,154.75704983222664
2.869162218235328,150.77206569309186
-0.8527143434952489,78.0778749516295
-2.6447725755819445,65.71933083804291
-4.533952003710141,-12.80441800820116
12.885874327434774,239.7385168167525
9.918582233631874,200.05189437644137
13.950807319995377,240.71972907198813
-11.271083295433659,-303.2197971904692
6.926024256109329,156.75305598566771
13.150213704631135,243.20738490032807
-9.563008015030196,-239.26354843000124
-13.005111978996675,-516.0660417435263
7.2336194787017725,167.433363920466
2.234193395397355,188.61899944820613
10.254863302748163,222.7330854338228
-10.806828701211316,-291.0762066250312
8.858019355796706,180.7934197827234
-8.951180398567665,-180.05849026437127
-10.090321714028864,-231.7682979812285
-10.072026062070211,-273.85902984961353
9.437241606941463,221.37749328509207
4.955916620886004,171.27054750985067
0.6919627430735797,127.78270178919131
-4.235085476294925,20.5952531405603
11.316016224393248,218.00086444308684
-3.226646777320939,53.57679022015291
9.497983184147312,208.98911403786232
-1.8259527428934472,59.33261291008982
-3.6916671172527735,10.409053885873684
-1.1196064299118067,84.14984734277205
-5.958663775075738,-8.070907756670678
7.428281405287535,142.9234560043525
0.08161170277437435,64.52808938382995
-8.03361914559548,-130.125852836329
11.987237198237054,229.22258695351678
-3.483263358803658,34.56644232807351
1.306585833419657,123.80515677405597
12.194163328936408,225.82226435645242
3.727139877419763,180.10810627743376
-11.493058778749077,-377.1955525187192
13.194963708404252,229.09709966393828
3.8312415921425362,141.20971832968561
-4.952831560287416,-53.31353669093156
-10.821837820098382,-295.97436259470356
8.820755678108878,228.5225863159741
3.6021826778554065,142.2559023000859
1.0038327592896472,119.68660575026536
11.816777491528729,193.6875853142371
8.657916336735923,169.93781634134115
-10.449753608017465,-277.0390126832149
-5.648337966133553,-43.56662325574137
-7.545325805566028,-79.52702534464211
7.31838877718031,186.88502680444176
-13.994026957926618,-564.5304563557409
2.096690546139495,132.982854099656
7.873760572220718,190.33660004235915
11.302969102852483,245.82215697503648
-4.737547538522776,34.07389159871609
9.637719140160385,170.3900691754859
-11.681047891343784,-370.79238962062993
10.393568752035545,173.42705264365014
-11.175340130040528,-321.04325991946905
-3.081381283188982,51.99632658919937
8.918860973386607,212.67321089866235
-10.502477179536786,-272.8894820032362
-8.122458143020754,-146.51341103237544
6.667577051791987,171.20894392214993
6.601096096382232,145.9832536131121
4.2344289865589175,199.55318330786162
5.818453334013,120.24861222491188
1.2817333004278844,122.02050348890741
-7.446028232791417,-56.53055713686833
-4.629120194882416,-1.9250507243978807
-9.55206849595723,-218.53091512818267
12.25351684000885,223.47765928076515
2.5017538429836144,126.60204238580943
-2.9744574970908033,77.2453380009032
-1.1398258906760201,25.943359613319018
13.41850018835446,292.67180984861574
-10.399457906517593,-300.0974348556038
2.5868949605039155,125.31849523222989
0.1766603665339801,91.88173026453416
3.3436270630394347,154.06911291003317
-14.456694485374785,-619.0961526847541
11.163717268324543,226.84805446497504
12.963548474508372,295.8966201970602
1.953995507676268,91.17110267202445
5.899524716306768,165.84331058943405
12.67498143531887,223.33005877492715
6.217159029401959,174.34274417304414
-10.42382871257216,-265.5491391727023
2.2886508050043943,112.84622662965478
3.2014513914856764,150.21631126766516
-2.2760798609284194,103.92546487171562
7.0933270687416865,166.23216060584295
13.031010443070446,264.5836134088082
12.767055387203289,209.24681233481004
-1.4748188578760377,51.132148384179864
-11.602858624777342,-333.12783412802605
14.545235968870038,316.81204153529256
10.166942593378025,210.91905337302597
-11.260119563901995,-328.8137651236922
12.62525647852117,238.9546608105017
11.096890861863848,183.07773179859234
0.5651417137821628,123.2193815288639
2.738263072347877,155.5717920416215
-3.0299188838960927,30.285355785912785
-13.35715083533906,-493.0211923284427
-4.944082750622972,-5.306735889835647
9.085603457940344,178.8082387938942
-14.861039309861914,-619.3342385450055
-4.9950248492656755,38.90343765668417
-3.0549391922717,34.80533721568939
1.1218680881376848,106.45804979341257
12.595668492382813,222.2474034279559
-4.609620169021163,17.105821382587983
-4.5914039431131695,-5.474245576766696
7.125037443292452,155.04160005496567
-1.433461773305785,108.85871434309337
-8.261855311800542,-109.82344521616965
-1.4268145160191974,60.94090392472313
-10.774289388606004,-335.1317858475967
-9.7083904048133,-197.59446554255928
-0.0489668178156073,82.14686657095888
-2.432236514863563,75.17596351244019
12.445377032043002,186.49742325988706
-4.128183026501006,35.0172695931482
2.4176505083413034,99.96060607271355
3.96792863758591,163.26778524675228
-14.607166302349992,-592.9643036755432
4.906121160501318,129.12563418739484
-9.658920993907458,-230.0922950321598
13.832109524083656,280.29906677044727
-10.540118167406611,-270.73345962891557
-2.5612762881892888,67.14285422451732
-12.439509957640684,-357.6148343205068
14.906227555378422,249.69952219542068
0.06585030993727692,141.412885495392
2.8615505196013125,137.34621129712087
-12.987705678347176,-473.05587196303406
7.498814111975335,141.26295924556507
-8.702832207132428,-172.29788129284628
11.941628683221413,250.2461119464573
-8.845810785539785,-178.2258502500464
-9.279368380090002,-160.67075614253517
-13.903509964557154,-564.9369285387054
-0.8379916467000221,86.24403320224071
1.9452339978784927,93.84319626232528
-13.02874081714943,-444.8502882650381
8.265828500850319,203.70367413048223
-1.4013349575591718,65.91181320601453
0.7317080798274009,45.25522151194363
-1.7771175918531554,74.13429557644301
-2.97710817374022,53.77896974231685
1.7892099392465362,133.5049336782343
-10.342792622078624,-230.0635945409917
-9.542156085141865,-239.99073840540407
10.853568630405519,227.9474801441076
13.38346386400898,283.4286309258238
-3.8007205116074125,-22.653294256793895
-6.877659805693387,-74.70923961679925
4.319986297170473,135.44401681043283
-2.7379748670571082,46.459735296707734
-14.238409330189654,-550.2239714519718
-10.31542207901429,-271.43655615187004
6.479166865421927,148.95877689544045
4.767718257304541,152.6785155485868
-14.187120224895494,-581.4024763570966
-8.340835142011517,-176.3603515421118
-8.067756102357858,-118.89681217816124
5.156782307961851,126.32018582513997
-14.408683867369076,-558.001902734777
-11.876742540462786,-353.1256200270939
8.997482561195682,145.65862961403906
-9.643660138369992,-235.97458501562062
4.5823832355562395,180.12613782979773
-7.854516568598204,-150.2990484961456
-12.016758217219646,-386.61193000690224
-7.704834270016377,-107.27589588306554
6.6680079556697756,187.00334790781167
10.670894043188571,202.18848310568853
9.906595937009747,183.94919122183194
-3.0844941114463555,75.82067633555975
5.042554097119385,197.57329666263675
-8.850471137525371,-150.81116132373336
-6.205568092169603,-53.88940648034955
11.890074555633593,206.1620400292919
-14.60994229467792,-614.3456172512242
-12.434744074365957,-393.594439337793
-8.76341234561918,-160.25861212733312
-14.204033883785408,-520.7270586361021
-9.556936947306081,-197.7966823111417
2.491246829090766,93.4264236169069
-2.3572634822250613,83.35480790523195
11.780151332309245,199.6572285338122
9.523306852153226,184.87733060750415
-4.745479449063721,0.5686904861323958
-7.217296997061226,-47.19113360431918
-3.609227754981992,104.68661890313808
2.7088482754442325,148.38677009973713
-6.958090775313712,-90.6306405912719
3.7244672354740196,156.20017934658944
-2.7176504342627865,71.15887239680887
1.5614154255594066,112.74539212529818
-1.9162041259404994,111.23849669335969
-6.1660272137424705,-48.772727186191474
13.453599208864702,267.50483993077995
7.908173824792826,194.84362562496455
-10.796604727006423,-279.38611496487107
11.054039276937385,234.70385529841383
-0.37706405251459074,78.73834409255358
11.836566806822741,211.5505666191933
8.995657678419455,161.28095361279483
-2.243594865922997,70.502592611682
-14.325920750396477,-547.5034261669769
-6.939679218451618,-73.83647634017498
1.2490264398260074,158.86202652352313
4.004346594784419,145.1781689038947
-7.263369437003932,-82.36315742789624
-10.819317777815275,-318.70531742946804
10.047907103978975,190.89946596401828
14.532065421106562,296.7749664273197
0.7707054690805748,132.10739572845262
-9.849621424550895,-238.40084638401947
-6.830780204418932,-82.55363725951518
-14.448279703575999,-616.3026881612275
12.42896419681497,226.53486031551182
-11.467467513295766,-313.11610206235827
2.2954942654276067,143.33608105569945
-6.77834337938382,-66.09424900415982
1.625340075473801,122.75492659419794
4.542611650555926,150.11504634112933
9.892254111216047,182.2093815477781
-8.807361847181904,-155.54612593851505
-14.670125140245586,-588.7863144806175
-10.893431097935782,-283.9894385599877
12.000559255443154,215.01832350566016
11.216702326875456,162.22526443239818
2.9223930651092473,162.76334085906467
3.0155058130096,124.26917814358241
4.9511002363876635,131.77681598609487
-9.738861641296513,-207.21851682881848
12.432358377748795,225.72006587101205
-2.4368842532378068,81.80607559506898
-3.505844152515076,45.072045386027966
0.5675311584851261,125.22848631021884
-13.591020996748348,-535.4066211665892
-10.011498937317619,-210.39177305517498
7.141008492791112,177.94399016223315
-12.516039962246206,-422.1997724297991
3.094563283991647,140.5859920354312
-7.639526709560371,-160.24388450808604
-3.3211315787407045,44.59922272725289
-6.339187896879004,-86.87642312193348
-4.3298185060515255,-26.94290572073172
6.571377155527365,128.55610394403277
-6.086348531304749,-23.712619339108926
1.9921392089069165,109.9415837922227
-0.7184879340270101,126.9204407479934
4.910134960879443,139.61231469138394
13.104892179742741,205.34633561692718
6.97716291630751,142.10314214076047
-8.551788642277298,-128.9205562938797
-14.06450594816146,-546.9847537559367
-7.132078671005248,-107.12311251081101
2.8523379210076456,138.6469563952238
-13.45722559547249,-477.2244685820456
-0.10901258396290991,126.28543046253242
2.905285467506676,171.37952407030173
-4.972683275491175,-21.86492931018442
8.12736611237466,147.07360197749375
-11.802052405986846,-369.5858079211531
-12.745866547925736,-424.5754911110447
6.845662686108099,144.8118771094296
-0.13526051381404613,74.02019170726977
5.65207189283208,167.67991865687168
-1.9551798418876132,64.34553124530726
-7.607939002826796,-113.58076075802076
9.573069530225993,176.07304650663508
8.982476369069378,182.88777265376226
5.840894125632804,137.51710439921914
-6.835645883101119,-58.709186947325776
2.7069200060726146,159.08056536818088
-4.170783091799196,-34.66964089063478
-12.252537800200976,-415.93404189635777
12.519407263867283,199.6517477367496
-10.895441072431158,-312.6733097108209
13.507120614624071,254.0890087089091
-1.619826811261328,36.015349138706284
-9.44601213484141,-230.80810042889135
1.2570284213507428,91.99938541794329
11.18837507629225,220.83067450833067
6.966746592286835,171.66158298349714
9.196834435843492,172.86287469025578
4.763501001321522,156.21008935129362
5.768296935535574,146.364651308114
10.47586954695958,199.13040675545483
-7.509959734224422,-68.14154367137496
-0.31725109070578483,128.62974687490967
-8.363716745411933,-182.84135962567686
14.630040239899412,302.5452191280527
13.321780190598396,272.64280600483266
-13.817195658944822,-549.7159850943805
6.167255175470654,183.75624930251374
12.757449522469976,279.8485114124229
-9.582739646179995,-243.5974640632742
2.038356916578884,103.24474620658685
12.464648927641257,261.5323734223267
-13.981620642426035,-528.8442841541696
5.922608017405196,175.07571522630033
-6.079529778823478,-42.76028489190387
12.731885861295911,250.6941114898706
14.131747354961032,236.72077901127196
13.327994673403019,278.66702809762506
-0.7735735002760862,116.88564384312406
10.861279529679404,205.31293088712843
10.336481956052111,203.0554245799614
-5.426985802702331,-66.21364194161575
9.867464224520319,211.28158578714164
-13.889770958535221,-513.1346142702113
2.8880963544615916,133.44364237563818
-8.099734881368908,-109.31125269047544
-11.382993426681637,-337.8285148574366
-12.691403951123725,-412.63784333400264
5.888663276344193,135.52053101157003
-4.803751086958016,-8.095902928817452
6.743003145862843,163.68588487634796
-13.039309776031729,-449.1745946709442
-5.541289865081691,-41.11511114030667
1.1847387712601147,112.91634297746339
8.721694945168906,206.6359578176869
-5.437424912037903,-39.21243438867852
3.7767412931102733,103.14110323258141
11.579332447085616,265.2122008779668
3.475895645469137,175.11623362071322
-8.011215757390987,-165.48124844296365
-14.267976553303859,-544.3895266911674
11.102966217027898,201.8500321188797
-14.361917674488385,-563.724143897604
11.241050180525981,223.76819345353627
0.8681140208163605,106.3029650454458
13.172030955386884,229.7599716873677
8.963497073209961,171.1873942194199
14.938023316000123,266.725787657078
-4.4786455364486955,-18.333527656360054
8.015648667933807,177.50525425150644
-2.9420725917227344,25.805344424380607
-0.603731390882734,107.54253701764935
3.8251638965511034,180.91821115530377
11.210313425590162,201.46490846328746
14.522504075978855,285.1378281911255
8.048202415935545,191.97864118760126
-2.4669965349799874,66.44082018311015
-2.3592899316878952,58.91076628187106
7.127469047666743,189.86380471176568
-7.8366856269509295,-112.87998870440934
-11.68577660605816,-381.8015878915871
-4.361335270776705,27.676316160197352
-6.382830250377548,-40.65159776909455
-6.110756386320297,-71.52598051177901
-7.991767468502702,-131.29955146499728
-13.737204310909144,-496.8928786082569
-14.463781957997586,-585.0393849368046
14.631671692080946,308.66688344164925
-2.16680598792413,120.24853662234511
-3.4702005852095503,10.921348047201924
5.389418480792095,122.41797415808996
-8.452383364048075,-147.19195325266656
13.498835518506759,274.0410092051634
8.590350432466561,178.90486735594828
-12.317669930632213,-361.3264098666896
-2.47257672645215,21.051690979602434
11.373549226864942,235.68492729043817
13.34196066874231,237.6216136946853
-0.9779546625039082,127.10198154282969
3.4023416763212317,189.71386288462077
-9.988981617237744,-258.50571227091416
14.735058784109295,270.69194088147754
-8.049848958496698,-113.53227244498017
13.281953224053769,241.87381182943682
4.489399469771055,148.35383983188376
3.2321038463657743,138.943964909476
0.3806553304952569,57.547983822258495
-8.07990564846724,-136.81107300712833
-9.704159039834753,-239.77974644607667
-8.38541372789474,-163.76099408865662
-9.406852135672365,-169.46674066523283
8.387534207002599,151.28430550830868
-4.496242224998097,22.264279916386027
-13.264719703098109,-480.4657250772408
14.073078904224339,261.5439757021539
11.513576548902769,240.22676171674902
12.832568495856389,251.3040910552876
14.847234679393058,301.55049333025676
-9.783142523415382,-202.93841066313294
-3.112739432920238,31.28803754676113
7.747154271122739,161.42734243757513
5.880618541613767,133.81782015242482
-10.383122809804348,-284.11095254255076
9.474993749718532,267.6652244553633
-8.266782844900181,-114.43885284435575
-8.285471555321308,-180.2530552918355
1.1092326868024074,82.19610057110827
2.788198045251093,146.0580552611582
2.4025862351343363,143.76432040304576
-12.255394878067353,-379.1911497286598
11.32382587891141,211.25168089579307
-7.031998722338818,-92.29591887847623
-11.114552361515875,-302.8724194665569
11.662442396069316,224.90559331489968
13.6695449468926,204.12990761553849
10.863828517963519,205.33765238996244
9.285482241746344,170.57457303460927
4.65725941917065,155.28223666695757
1.5257211182741806,194.9725147382547
-12.390397202657695,-394.0490973880298
-2.7464036078790386,40.46434719874654
-3.8193444896305806,44.350000052324226
-7.207386487190214,-84.58715887587135
6.702603410657549,178.20950407394233
-0.12372794763687622,113.29684270264724
-12.568613522770562,-365.66218062554645
-8.39450394150566,-180.15890059105712
5.497762909787877,169.66881381634258
-12.716074215290995,-451.870841147397
10.536207421463061,220.59186364001005
-0.14560418958076937,74.82311759057882
-0.5824026802005591,80.4089297195319
2.7722335397855282,126.47529781736613
9.740428977754476,221.33998088042824
-4.5657237629342085,22.798162269979002
5.340484576771907,125.40143694551512
1.9719589198737317,126.82316439129262
-6.989151894917359,-105.09321374573254
11.35889959065474,186.6817744578507
8.922780648207844,182.60480240755385
4.753555039752765,143.99460134833083
10.517451872827259,267.1280140042072
11.01882602879407,224.0581421699737
6.250889301451043,129.5317013711303
10.110399850910163,187.21651161074016
5.924143850078508,186.83591089753875
5.404223152809013,209.27602428018088
3.558341346455528,101.68523436840871
7.581499186729236,128.25388064151622
-10.241846841207789,-207.9306879320976
11.426122775967855,228.88730530865848
11.155305832356959,193.4655517224452
-14.122581508963226,-534.9795266041496
9.774502516942881,131.445298286952
-11.133903975796644,-312.2948402878168
-4.946434372225744,-3.833424296658807
7.305247688748231,195.93545485316162
-10.177203118550754,-276.08359854377755
9.539010723571867,196.79471014553553
9.964025338732256,176.43384991289676
0.2240320128250861,109.68563276995575
-14.808423848494993,-634.9704601804492
-6.388856004752617,-73.27072893277295
3.507807551272265,115.9774515822009
14.435585340822705,293.32113471205196
3.9544058105000524,166.3411178027751
-7.205892568075206,-102.45532938085549
4.020171092988342,146.41250274879647
1.1995613914756653,80.172725881249
8.395361854534308,175.2805825721863
-11.790580835191248,-359.6722233159659
7.830837075060842,243.01015872022984
1.237997360283309,89.06443788244857
13.889760115769839,301.0184713275131
-4.743835018839418,19.28632053668144
3.9786567940184447,152.10877895559943
12.960843165300524,289.2025184451858
-11.924708160279621,-358.9038136580007
13.116854617093534,257.994109303281
5.636571669024402,157.63097318606827
-12.964888226844842,-418.13733920828736
-5.971092991595512,-19.841920046470516
6.245162659358449,148.28323287720573
-12.97948195593685,-482.8967147320173
2.4651138052881976,125.65864570363198
-4.623508291411298,-21.924299389150928
3.6274655330243135,140.3749031358001
-13.627738985624614,-473.5000008807242
11.14610418457129,203.60829110524617
14.204669075321906,270.5002375583258
14.066335658570743,269.8347779909976
7.48955495228774,195.65001590453286
-11.097412796081041,-366.0837542394847
7.747895877870679,161.57243605713222
-14.262392506235955,-555.8365619354059
-14.336293454130082,-537.9345950186839
-5.291693425513763,-35.647852845642156
-0.34070428786002793,47.83355432420082
8.112222534233798,195.57586636845892
5.4988612981951555,141.95290695444305
-1.6229188086975501,42.454694355148376
-6.791200011550023,-94.7460111608156
14.913735004731336,284.38687621237875
-2.2145609329208114,45.01757534006888
-1.4583892701097358,20.21560111059086
-10.091285364249924,-223.0780191390928
8.84428646249788,219.0973640457235
5.810466773444659,176.66313742535746
-8.376911616337189,-179.4510989254635
-12.528568631524719,-418.98215845903377
5.414979062241393,156.9897156184673
4.635336428434059,165.68804385048418
-6.80221419005372,-62.88058977051959
13.525906867512312,238.21374469589196
-10.468263246572993,-266.7766857698298
-2.029955968721943,75.45226331596928
13.308477605027967,288.48373825402996
-2.4081804922163315,73.55314728304947
4.155778429922567,166.3625647579675
-3.0721680611161712,42.657579736047175
-6.773543929539899,-43.153096319689695
14.519329438794848,289.31922990497094
-2.7199798105487094,27.386532891069805
11.822976110374032,260.3749536280734
-8.101361823267414,-120.05095809727774
-8.6068588792475,-173.70314179103934
-14.06597751346466,-555.2075074513776
4.550004761276551,157.41517500429066
-3.9442096882871667,29.45317953260728
10.930747495189113,216.93737925882692
-0.8037027992532852,94.91570905666501
14.045802837441652,310.4159034492339
-9.434234528906366,-180.3091150704588
11.058695038668322,218.5620454975157
8.297905583752254,205.369861717981
8.12765533932156,154.41440539023517
10.343496843506628,214.1791664895381
7.830719728289967,222.7219242612785
3.7866096489424628,137.9424802031582
-11.062653669528373,-328.7605355357706
-14.024214615262443,-555.7581545536882
12.625435434470607,211.73480191416493
3.499509435622141,121.17770248313937
8.896118729285291,178.493261045698
-0.5543294546234971,56.165221878827595
-11.480754331128166,-335.9177643002905
-11.244426233923488,-297.35391164221505
5.56695861686914,135.69804487923847
-2.090823153016119,100.73409264066237
-8.984258198989899,-169.61704527688065
-0.2521635977568941,121.90463450451739
-13.073731887745977,-474.08041483244307
2.459142057431965,152.03440154369383
-6.93019786694707,-112.18336106458435
8.926773019115643,210.3275670755172
-5.689141232292787,-32.77029130857032
-1.3433955275459635,91.3449828351967
-14.651383802756982,-626.914027619724
-12.826593366163234,-459.91896768924585
-3.225193307799456,51.722196263469925
-0.601834958486295,66.81386998884791
3.000616443579112,147.67613042417457
-6.250122638720903,-91.8979741316794
5.849456583796275,181.89704201269925
10.803671915676137,179.44861558621335
8.395529666800496,196.58161701673484
-13.811435239549287,-504.8603890385405
-0.5847915822651313,73.3844542309816
-11.852094647454754,-348.3395757251955
-7.738649524124176,-113.87367288000291
14.599877798014393,267.58345235003566
-10.725133712954603,-310.4837824855457
-0.03335539645931718,50.43268906458416
3.544672029543573,149.95133366432142
6.073949116323117,123.40371192065959
1.7894605046074226,125.78402071207158
-14.70687457742449,-609.4086325420159
-5.206160752680244,-3.516358324656114
0.5313493015413435,100.09080472633038
-12.364005025655,-409.4434016264619
-4.481192063724578,20.68248480882927
-14.003906736259003,-529.2542811107943
-12.642645085349377,-414.9924545962739
-3.092301713952118,51.802495530198286
-11.018527378708189,-342.99832255266006
2.0262254478467447,144.968710742696
5.683949074117972,174.65652770361214
9.017600973272486,163.59636205708128
-8.995492672655697,-189.09043679295635
-9.975522532227908,-239.5160102809883
-11.862964789967993,-367.0460090992412
4.092907486309102,154.43731743304204
6.194271794607033,199.29220512961973
-14.052415655230739,-514.9520453419486
13.086367387310695,214.86200493056455
-13.440861490455827,-472.8220536663662
1.2388900590321157,150.0979711850349
6.271815583527491,173.81406699359115
11.129073712382567,242.07147649188556
6.422607963972833,215.69124134855952
9.051842492093755,214.96428322311255
-4.816494223715818,-1.6745585952359994
9.444753412395368,219.72973896768644
-12.596554608459746,-415.6454323354384
11.84449968181583,226.23280570816027
1.4277712846120885,110.38871527278918
9.518933098874811,233.51302080855532
-1.4304514644509965,55.42219329096366
4.307330855895749,186.24944056927046
0.7920798280833967,123.65971800250159
6.947685652659956,134.78392573244741
-12.551100539082313,-406.5137758021372
-13.189437480283086,-519.7073205103854
-7.586902979695607,-97.80889245286951
-10.21365959660435,-230.8401178737367
11.153506997766051,200.33814384058743
-8.42358037925867,-150.25272736697718
14.275957674573938,322.09351761588283
-4.893126246866794,-22.972603116163363
-9.536462529339023,-239.36253056992047
8.690955214274375,222.71826367891512
4.761233265026284,200.83534992772678
-0.054128506405831445,99.27693722450223
1.6609065281289368,147.21056680552618
6.576053348167914,200.19078438250736
-8.146357760061038,-158.23650026819638
14.890017481702259,276.2538073858472
14.243794864403494,303.2563078106093
4.509770590408106,191.78666860499794
-9.013726472125647,-169.8944370528916
5.406847272938741,135.09101648786415
-12.834047730624725,-388.4647442095975
-14.080424933825817,-557.8000291433754
-7.26951334466359,-107.72757355207182
-1.1213112978205118,90.13127877108718
11.048175162251415,252.50152850685816
6.81507209298924,189.99815233679638
7.281195635999431,182.99189403395133
-2.2351999665577402,71.27715835159944
-4.621950223591112,-0.7878194655633346
-3.8688371104619197,33.905864653242915
14.629486912081735,218.54916491778027
-13.796724257625526,-526.619636925428
11.010944883673456,219.15651925239243
2.360262257171801,100.86398095420597
-1.8415374243122855,77.52835021306777
6.7577298124540945,163.05619779014447
-0.39993175725891383,137.69150389901142
11.202697142449818,255.18146866502423
12.021055920337755,216.86160598021252
-2.3483721937963367,53.47908720137093
-6.695166082948452,-77.07435305481559
2.7705098578008673,122.54388811610465
12.370900368500727,239.31838686661607
-8.680134329830002,-185.35291267687813
3.688997506904485,114.25330900198024
3.9468066027756166,160.38077726842826
6.993390672458428,185.89213818897403
-11.052969446182207,-327.0266413197333
6.474748940462657,188.19885045865
12.270975619969231,216.9237134412964
-9.60950673389274,-210.7403054471544
-7.873700252283671,-106.16027935910334
14.141852821249188,269.27509800521466
-9.570691418715306,-203.47563296462508
10.631552801087373,195.0444985960449
-0.2316643065589563,91.54809848190187
-7.583067767904689,-118.41939844947603
11.122497038175343,196.03850964263245
-1.6408423499200353,67.42793223543114
0.4445206178907064,67.72138206608392
-4.222998918007029,-2.296115859981761
2.7885255430478217,126.89277193265933
-10.094283822449317,-252.0909169777445
-3.2675539004471794,29.69484897651217
14.082369670058625,267.20599936695436
-7.255997018966173,-86.7750279850597
4.702099936238767,173.14008907171456
-5.244298073259154,-38.0080476242734
8.204193770598021,150.86733867317366
-11.073790178449505,-334.3701721697951
14.094631352356341,256.85045146112105
-1.3863137584908216,67.91452003922319
-7.918486099606081,-148.02567773269868
-12.79509758009962,-467.4188367832007
-9.907262847373778,-245.86711629262524
0.5932184566805301,113.02626567639062
-4.889904707061412,4.6491310650715025
9.866500976478285,184.4783086351129
-2.0733742901458214,52.7918597115426
-7.538571822371103,-134.4313401329595
3.5143495981209014,140.14679688762703
6.203316506563375,142.37141541807298
-9.988742762971505,-224.99678854117204
-9.97142351135047,-282.9347661776819
-13.89985719199371,-537.3233713938026
7.092060451969214,178.52161961693307
4.914135828654153,157.63633328278186
-0.7610737275055826,155.18379708155007
10.325113469075912,212.74389662062055
9.170104588501594,165.5197339343998
2.5606309319025655,129.32993453585144
11.048138415397759,169.2408408824766
-8.824763698896952,-175.94508593445318
-11.642411418068164,-368.5830169787246
-6.907511654490312,-61.05519269883991
-13.287394317320555,-489.1320105600485
0.9350858400309612,110.11511085854363
13.098170768848846,232.00957969921836
-13.81969377994471,-477.7586123430174
-11.336702579699196,-334.29676438968505
-1.4340291514969419,121.62933168154868
13.016250525837147,266.6576710385282
-5.515316850697484,-18.924370048810335
0.2170442606517735,112.4181784590955
-13.752814228488237,-505.49957280155394
-10.549703971137333,-322.1828559111843
14.598903688765407,274.0583326284416
13.953560893081367,286.96502848474705
-14.851800571967711,-618.0071472952071
13.55435356269717,222.03584010420246
4.17359813446501,145.480125533584
11.037548835600663,256.1002658047104
-1.3578043309842265,108.41763833896769
0.46788085737750684,105.21258737813672
-0.334602592292395,118.6302200467943
5.005927726383131,144.6362229773487
-10.810462357310612,-333.42939818736494
-14.100792303819661,-569.4808971975755
-5.762101752264272,-0.5933441894310434
6.140422882099401,156.21740061319312
-8.94439643631155,-186.34323392810197
5.202972999747519,147.92297798151492
14.097361383218114,316.69644602431225
-12.182978526317449,-346.7837358924494
5.178063546753787,210.68416930852794
-1.6874934208628662,66.95793211233799
11.044267631325162,220.98298298762757
-9.685506316578422,-259.3706560660812
5.778778566784936,197.0403722495723
10.143458689443307,172.54574451820088
13.338426584220699,258.11558596987754
5.497440848689376,130.3928230322293
-0.08475707974718105,83.99830999901259
3.5354172060364135,120.1939733699924
11.067149534361548,198.71890971076036
2.11829239916489,113.57708176587701
-14.088388209094894,-558.9528375072339
12.928460865209335,265.45116256269154
5.685802530946834,131.73833079765654
5.295401573317395,161.68931375688484
-8.529745428068484,-128.24671479526307
4.766564106979715,138.98518048995138
-3.1840678303752448,19.86539498174715
4.5369893112447635,144.12794117309573
-11.802209090760279,-329.7674202498806
4.735359138091081,156.40760106059128
14.982411773119996,277.5085545225143
-13.55363883418332,-485.93632674215064
14.31522552663952,246.6092755598499
-2.7927611783138815,64.25839929850804
11.122603510117774,224.91967197332582
8.471564521748203,175.8161239180619
2.0104878296000344,104.91105496259152
7.153476277539795,149.3526034395376
11.355466839040435,231.46392382388035
-2.8757903504690105,75.99862385342621
-5.189005153102839,-35.85895912354672
5.0278015669075415,165.4389160809069
9.235378258237759,139.1437530661447
7.868554043298474,163.2181305736333
8.934409465759035,187.3736779258485
-1.9325005556120107,43.283743631883745
9.535026485250647,171.19520186454827
-11.393728338881747,-346.91787902834693
1.3346729388254879,125.35371661413193
-14.827240185056352,-619.089042607664
-5.262425102991891,-78.3252060765133
-4.006153953858064,-36.86964563920423
-3.114819251722338,24.34814308668816
5.864016200695865,172.25347032563604
-3.3432569618896277,-34.865132761525075
-1.5391913213240809,61.32068792761978
-7.873676073770176,-139.82394173318465
-3.8024462511197967,56.47297090896052
-8.181911182105456,-151.02751942371012
-12.80412228694669,-426.1642854689404
3.103457801441337,140.61791110900728
5.046383956650487,100.86818991203438
3.584710380288435,160.78014216024332
-1.0951786859828303,87.42598245571332
-3.6064265946231053,39.71929987148081
10.900009487154758,309.736103489819
0.5724535540865414,56.103867773090876
-0.6245436711080714,133.26414298301637
-14.230738025806929,-565.3985068478344
-4.762565171215309,0.9645884002061402
-3.594131436424288,26.1989112424592
-3.0353165730929845,30.85102984939855
2.4051710768199683,115.86387387698355
1.0080764018063526,122.21111255735781
3.2371527838033387,100.4275440828608
7.946497846263849,197.31148255771936
9.389572161482803,182.58944362191218
6.543692286794833,138.13378179277797
13.665710878648042,248.2799446510616
-14.453022519709151,-547.3707288253547
-9.126660429493617,-203.45335749127955
-14.773113750655737,-600.2201945412806
4.42424142463809,130.6629997752119
11.940916468499609,246.14130649262202
-7.695531102711022,-101.26241230793525
12.8110363438892,288.614271702677
-13.191978291313175,-471.8071432998148
13.03308080416543,263.3461757050077
-4.4513193828109685,5.730837585647482
-11.957375146523503,-338.21401466759147
-0.42384722441023115,75.4505761940327
-7.2967029683847615,-81.9099706651796
-6.453812941142315,-70.47352859707833
-5.781301052211402,-41.95851900850931
9.090776934979903,192.0745382791857
1.1748383002576333,122.38579990732173
-5.66076902531989,-38.96810762982539
3.3100134993275496,144.40916425942265
6.484520226695807,205.34868429260155
-6.821279977993987,-55.736314600103896
-2.5935269542394543,73.53314830116247
-11.343417199891572,-338.1189795077131
-9.56551951395959,-236.77940212751923
5.433535618949485,181.18669374878868
-9.556849569131192,-192.15177405588202
0.7549015100118055,147.48655202918917
6.27138785167298,149.040827468403
-11.793692307157684,-364.3814139872712
2.0193665888671077,84.98641103590157
-7.303116488959088,-110.6272187351543
13.887806257127394,289.2849752076068
-0.49363059840225887,80.63233129394438
9.179776493254742,206.7361754113437
1.5067962646878534,115.35432014708113
-13.697624014355425,-502.4138958801973
3.994541267820672,116.53988602213883
13.54210026619971,259.03812719748936
3.048354604389935,61.77883200267634
9.575665782803707,190.39229063537317
11.526193900452235,179.89768075609638
-8.157606841532026,-110.07034002228352
-8.638654802753202,-144.8232598749869
3.3294296655297515,150.88959195210265
-2.6691459057988585,88.10764607124779
10.195839086001609,178.6621994346781
12.000693701940335,271.855485043025
-4.397358620918457,28.188146729017333
-7.893883230765538,-133.53082666108898
8.415765457315853,211.36018061644157
-6.755818933555917,-105.34793471317508
9.67842955541035,175.6190397256359
-2.2878523905371146,43.348082419105495
5.026496978744113,140.74405336178438
-12.133940584959955,-410.1578072814947
3.71577974029719,173.33661881133722
-1.446969637883127,69.09956149928989
2.5982538952642216,140.91316756681232
-9.959573767654097,-251.83859871970586
7.106212348325464,125.59979008373624
10.883912326296855,218.1098948868166
-8.49780599727673,-204.88418255077173
-12.128563334395148,-385.0563153133041
-14.290842418609909,-597.9458133700577
4.259145013297982,197.20905231008808
3.2128210826634245,160.91116219042613
1.4009223814220988,121.49504018297505
-8.041587116520738,-103.0335292505816
-3.2728201228345597,14.442233968956273
2.8342900555851926,148.0552845023673
-0.09699423422491904,103.52899399610845
14.63356560644662,288.4899896368345
-10.906807423298005,-265.3653936381774
5.854336621427812,179.04474612338458
-2.8704369568712362,52.6186980787192
-2.154011552231557,20.050334255897027
6.527932969745287,142.25379837724367
5.773084539731091,157.00291806054054
14.73767981106565,286.83132401415526
-11.148171316376242,-341.60170761220365
-11.87671051847501,-304.39614381793155
6.730164513862235,205.84723183222457
2.3516075101922738,144.6013179996014
-6.775180003205824,-76.68056193387731
-12.617418930330402,-426.213484145275
-12.430252512107085,-430.10806887144497
11.825726239923547,227.27167201569475
-9.243980258437713,-190.05092125186457
-5.298853136534378,-54.63485114104982
-8.20030793319036,-133.9443771088148
-4.350110825041881,2.3963627261177765
-12.9172847176172,-492.5550262589835
0.5717937272481102,86.68802923915983
-12.971623092233553,-459.6151917687219
9.010695234670848,236.1336078398176
-7.988637542687009,-118.18523614123453
1.2003574381353168,83.01036089087968
11.402372626843746,230.94242107280962
4.5263210714158255,111.11845374545348
0.9887335965400581,140.79282795622194
-5.269987406538732,-34.400597472838164
-5.009942608254063,-16.411776328256984
5.084608655945704,187.59190620412045
14.824180836635026,254.51555643537242
4.855175695481357,117.62388611906943
1.7335025211007462,108.17116348494687
6.9195153071773845,195.48786874019726
-1.0438316314884553,44.97175827907184
-13.195729721976443,-538.5341346186904
1.8689044763372955,113.02017113933553
13.728758535161408,274.68093081001837
-9.740911729270211,-194.66846080601562
5.700146724619973,147.89767071170866
-8.971989340228305,-192.0164365740618
1.0748305341924365,143.67058321816023
-12.099706510598411,-427.92286388688245
-1.4888719122544458,65.06278356139424
7.684899866857382,180.93454030455112
-4.572854272830538,10.850852816278156
4.947351734616539,140.570058489558
8.863498823691877,188.2827264856092
12.815334584383578,180.27135449713853
-7.960737544336394,-147.23018232022886
-3.0205225257207555,53.152558815666424
-10.427519600087477,-290.81714752257403
14.774505064751256,286.90371440570163
12.81002903772886,253.55200886671304
1.1987139084167886,107.81325206630176
10.260998831292639,207.45613315531972
0.6287393181612657,84.90579830761745
3.7075706400827926,137.520500944381
-12.326267036519502,-383.05983299341034
7.658112614904237,179.85859298531415
-11.168595490942955,-329.397251728139
9.782028907575853,203.0317923278199
8.460842630111578,201.2722221461579
6.262340932289295,112.81756326090775
-13.915188584257137,-500.72021191740316
-5.906149321640141,-53.27925708718015
-7.106622902674714,-81.69094823593386
-4.195907775854428,40.69477044683019
-12.370717597084845,-436.014585016012
13.108734690931882,230.3696466655869
1.6140672213712897,114.16538455255674
-5.834270680259294,-61.85573060384063
-3.090554487771497,83.48689859558061
-1.58392378485493,51.533099440713116
3.0178300008185204,122.3739224094523
0.47038283089493405,111.90724162798928
12.581759196432522,208.13091129812221
-0.09109551282509187,88.73153852652663
14.764740444699381,293.117783503712
10.542748732352873,198.46778490612044
-8.744684569279926,-172.07747086744604
12.91785643931749,231.18243287817583
-11.509008063435717,-376.15722106473925
9.523491254735749,202.51850612140282
-3.581301195702597,71.54765374203197
11.339229613352085,218.31311544402425
11.041700703223512,219.18776509242764
9.177762003528635,208.02076807349806
8.700913089211841,154.04309260628338
-5.859625827058776,-0.6171845653717583
-12.572421508462435,-412.3159169520322
-2.910594637045156,85.24561992236758
-9.79426455040474,-246.12076768802117
5.848532667073851,206.13670791725403
-4.617008203866433,17.65426914476732
14.268306025797447,286.8855974624653
4.229162320359961,153.12001017038398
9.674416909030828,189.97277544506613
-11.024259817744547,-274.97957373215246
10.860434468178678,214.5451145249282
12.68271571540183,190.8446317603582
-0.3881424354319236,66.06332318594526
3.1875881325293243,133.241989370888
7.944294027089864,186.27672880354933
-9.754841182187624,-226.90249111340742
0.07698229390327249,131.62192456037053
-3.0401091668306073,-7.4367249505280455
-10.608780235132526,-274.17593337861007
-3.973967331254057,-28.402988489256575
-12.954830718435193,-428.9153257883671
-14.22564279151539,-560.1067557556024
-10.945011325355317,-289.21655908505926
13.893453347675216,242.89890165023806
1.4858860768505089,151.8551292475425
13.974664834596599,292.35267098649217
-2.0250636500960404,78.71027507296861
-5.645516007442213,-38.76220561823591
0.18425588520732283,117.21996802010153
-1.8146493410126965,50.73811425642312
-11.830059472147683,-339.89580108589183
4.224789440706186,188.4687820606648
-8.518854524712012,-131.37806806761412
3.587638646934888,123.36152941404492
4.5060327719446,158.6651656715024
-10.439254406140556,-299.32645221080855
-13.159511186679955,-450.4109893680503
8.422847582053194,194.30331337964148
-1.2059872869203954,33.29671620024843
-13.255086134835727,-501.7294652445885
14.845989515093013,280.1747491393448
-13.266583170109001,-481.1692906909213
5.851056865756597,130.46880039112693
14.510367757902408,288.5808974559287
-7.824596873522232,-118.08518389577347
-10.732518939384114,-290.60610590694944
-11.358451817327133,-346.66716923095015
-5.901745572972134,-18.494520492503227
-11.968625669680598,-330.0555263709178
5.7648402508239585,147.9144670518572
-13.131246056098119,-477.68351782836027
0.2826638444936904,116.42585160003222
14.900905615589302,279.7171182093587
9.419108085180564,189.83433793524475
3.4565831469303276,158.8934554436555
-5.812391376401649,-89.20600984058892
3.7168750887491555,175.72693773636482
0.8112439173495485,113.23330435786477
-2.217498483288855,49.78614741209728
-11.078688697794016,-310.87981346966774
11.598126457214,220.82257268035613
-1.5064605353603238,31.160435600487908
-9.161324645377048,-154.58587168407303
-3.967219473681311,18.26749468003995
-2.5761074241321893,63.2731337149156
9.82613686700623,221.72922432636946
7.008431416842061,144.75254052591143
8.079146809240193,191.6111555231157
-14.669062067140583,-605.9002499004362
-2.5153800546071547,74.73194361533626
-0.5596754509402917,38.0360270357642
-14.424231695308299,-578.5868252601483
-7.205603737648973,-111.64785474965414
7.808694693664052,188.09598954735563
-10.886708828130029,-284.09486080016325
1.0593039435777492,96.93556895839605
-8.543943839482875,-177.22121658389534
-14.636376760683202,-598.8624505169255
-7.763956272013756,-143.97047579973355
14.276212647301612,294.29517539624067
9.046113356489688,180.08133413862308
13.787299329631,189.48481413030382
-0.36437868220912684,85.0010556169001
-11.707914039674895,-378.4131755374328
1.43878466921079,78.52424316585476
-1.3686799632011741,46.10671786644483
10.330712482188478,206.80472717233303
-12.057522576472662,-344.8152730892788
-0.35276588934665476,102.38571801293065
-10.498540059180472,-285.90385106191616
-5.259722193298201,-10.881437374873963
7.120712321633988,159.76164727751066
-0.7194561189370035,71.19594026272861
-3.7233514456269194,-4.9586212281154225
-3.165711642898941,-5.528284619115901
-1.2165969478204008,70.10077470594115
8.550496315111708,188.23506317912924
11.76254066820703,221.91407031590757
13.660040595117849,249.0096883032682
8.607101587658853,161.198545134261
-5.537793127559619,-16.549309721284082
5.644041182596265,126.09152328691206
-1.8719062783382423,86.658118422047
-7.3598813386184645,-128.36189763015065
10.226147382777679,183.94972563854267
-13.84720953113025,-560.3315555972177
12.052859764062706,216.49765947208186
-1.1556760612579744,105.33692052532079
4.116044304248412,159.18251184327852
4.78061766617348,176.39269015572245
11.85353222119609,238.83373112413037
4.100090465016219,118.5615104340039
3.4180075428018526,131.77627890823842
-13.000438783179302,-471.13082318250525
0.5522406583561228,141.19380795111095
-10.49492997548875,-300.43235494971685
7.123013061644567,193.60103912788307
0.36665762438023464,127.6658362276565
5.406833376250599,202.82676693372545
-13.749812981928471,-525.3234191393958
-12.456239518625903,-390.51290248501124
6.489701641880469,222.97987016874265
-12.8374699200398,-453.8574741391513
-12.862298167042242,-478.79148053238055
-14.636745742953376,-643.1311632023647
