Experience_Years,Salary
8.116262258099887,10175.58195740268
19.06357182178841,36177.2428778641
14.9078848944167,22582.68240809785
,
3.964354168406294,10991.67211662872
3.96389588638785,13825.34864226032
,
17.45734676972377,30313.83839469037
,
14.45337897812486,26386.89958474791
1.391105391620246,6604.515267003901
19.42828719107789,32704.81363455559
,
5.034443102887247,10426.47839853183
4.454674376934912,8174.082387669016
4.484685687215243,9165.678377089314
6.780602616231217,9784.990295956053
10.97037220101252,19258.87904792928
9.206955354200199,14833.25081699846
,
12.62520499972521,22297.59580189477
3.650383352388795,11259.57960127239
6.550748322169145,14662.75569525834
7.960875022580142,11800.31132662386
9.665329700123683,15518.73827704485
15.91834326646726,28759.05727567732
4.793801861008835,8225.728004436634
,
12.25587680837881,22483.91941061731
1.882557841679957,3887.147852792665
,
4.239958350058539,6691.886535251399
2.235980266720311,5151.235112178039
19.02882520781333,32182.80168000507
19.34700862841663,28834.5254755616
,
6.787661614294043,13142.2168235877
,
14.00042750373098,24448.46952372579
9.362897381052425,19772.62693152633
3.318726462050797,8228.538698372011
10.40836129211413,17753.73085592069
1.65338190118915,5724.667857848292
18.27708763949686,31502.22751731806
5.916819650400321,11972.94961625189
13.58792340272566,23463.06848649625
6.922510445698808,11979.7822929347
,
,
,
19.42210792752661,29645.43542050735
,
18.85047988971959,29838.905303441
,
12.36009959741062,20950.25003953187
18.51561046543922,33268.8998435063
,
4.723674385963759,10643.49990339324
,
7.181276284502022,18062.21268229981
,
6.155631603704022,12853.08882601009
,
7.778313207178196,15495.06800567029
6.337755684060235,12136.05820833494
,
3.677560274520491,8603.963355738955
16.24174263432676,27068.60994823316
2.416462229915646,8552.451578463288
19.75085179540983,37047.32369629745
15.67265061663649,25393.99235493907
4.775597949149276,7423.790964565758
1.104920225348446,4480.816241320159
,
14.43028953310472,23038.08516371763
,
15.65413658703297,29836.60650870233
2.406848382947717,5503.096091005586
,
3.201512130977465,11059.06144272327
,
,
7.287062472200335,12767.23188040321
2.207608655434449,4281.899521765939
6.908664112597582,12064.44107876436
7.178483118508193,11319.84414423778
14.86251738842322,25361.94301915328
,
,
9.972083578077036,14846.3340747083
,
,
15.45491592372105,22194.90260043867
11.66426675382043,21244.51327042579
,
10.38211633092342,16153.89245900273
10.93192375825789,22743.03041106224
9.123279348812442,17522.95704195075
,
3.049937112872785,7463.367513993765
1.597154528047951,6512.385617115372
,
,
10.66284313212935,17152.9175120353
,
5.736552353828624,8777.399536932975
8.797275537676965,15973.46118381805
,
,
2.462618286747067,9166.113780541475
6.505277605361592,14940.53664923093
,
18.66425539450889,28811.75756241817
16.35428721172392,26898.61391819628
13.03467137369805,24978.20246050544
,
16.26976946108318,32043.31327158815
4.544831118834681,10603.88235704076
17.95862097130958,30322.02968994443
,
,
18.02573469854637,29733.66237505847
7.042066024465414,14979.3163900753
3.090986566025858,9549.884482627956
5.330768088296892,9424.17321142944
9.11504798389887,14010.10606873275
,
17.35388108187053,30046.80427663088
1.132090480092623,2491.402507791187
10.70419874897375,14750.51693755566
8.930809059826801,17173.37079880213
,
3.277441979339973,7904.021145930174
,
18.91528437433787,31536.58527860193
,
10.85702181312396,21123.68568566147
14.35736021900838,23955.49124013527
7.908962445206585,15398.22829595368
19.46385957169825,32839.18496993941
,
5.783863620681919,13659.88013009592
,
6.716687886518623,11563.54151079225
6.411969393171884,13690.97377689863
1.700851999736123,3754.34203602211
12.58172234561804,21928.94583316532
10.55090144134837,18808.11416873414
,
6.294282820495617,13390.82069650333
18.25705183336642,30335.52383255935
5.551675922672476,12963.04648240929
3.753002569733239,11409.91895263449
10.2996024452737,19565.02428061427
,
5.599050158718508,8774.902773377442
13.77057540071169,21525.63577491679
15.47077269124563,25595.70962815911
,
,
7.987879521665811,15095.11913229293
13.01381078127801,23580.10168063048
13.037064504457,22414.59920056732
,
2.715505631033758,7202.207276170878
16.87074741619552,24355.18799158554
7.094821234462981,11763.56106405696
,
1.774727689540514,3242.702048628556
,
13.87372287500337,26872.08597719244
1.315168749629267,7410.276827838534
10.72976810768634,18667.76641966909
5.303419728760821,13936.58186684114
13.25828301777955,23184.75944107354
4.312962151094837,8795.271284406177
14.12781702394685,22964.9202088384
,
18.79786978599796,30420.45104191448
3.612897938773872,8760.179352911782
7.480260669954911,14541.5389670321
,
18.56917874729269,31727.64446043174
17.66944771423864,31885.46412093064
5.900890926587957,13750.44466076458
13.5396968746494,20339.74937507429
,
11.54881542038978,22191.86295306322
11.06336098876412,16861.28408631534
5.595193527108582,10943.25948687751
,
18.04709940111321,26466.68822650977
18.10794308610328,31244.84008556449
13.02892768819209,24061.70185289343
,
,
14.79315789853455,24097.24795129686
18.04509493909897,30851.25041945354
,
15.81763537129485,27093.17289650059
13.19860127693147,22767.28221705121
,
,
18.07252958201451,28162.65649125865
,
,
2.92795931445461,7337.329892662051
13.60653361305306,21543.2645014332
1.096170093078155,3757.690637234212
4.055352976932475,7313.424037344909
11.42594199796514,19793.02087710086
,
13.38726393054941,20337.0936099614
5.261116879750636,7664.552523872471
14.53140520560318,27739.44846339199
,
,
15.18333669724246,27854.81442065584
13.34302508189708,21803.30654337189
17.13524479938938,32354.88662617794
13.49464495370652,24597.81917323832
11.79786346337396,19720.97237876954
2.779820588733757,11484.34730963164
,
6.038844985952784,13542.45822294779
5.635803224202588,12052.28999711687
19.48720054029647,34834.28338924229
,
17.94888454836515,29987.33512067926
12.99163389394799,20980.61510022962
16.10141476729132,28072.06643681521
,
11.96117380790082,24968.53520690448
10.35783618255841,18809.8249360031
4.709616768162846,9333.782049620051
14.7265901899686,25459.24589668272
,
1.462003362197623,3249.776966275132
13.26397362223619,25296.78824924313
,
18.86871310270537,29209.24768869418
,
18.38242341418852,32945.04343060878
8.033015304853443,16487.4295786103
1.293675714048481,6932.608942684355
18.63805268916678,29443.48885661125
9.135498818028973,13859.62689355977
19.36644156182972,35052.32964665555
,
17.20717965387984,28309.10344790967
6.594528949322128,15548.18170768131
8.316856843436579,16587.74528395619
17.17159675882028,29669.17068239364
7.021518097969276,17862.28183675608
4.220362187035757,8043.506819793351
,
18.78694070905484,31294.43731337643
14.22456613682449,24874.03376296324
,
,
12.68513730728423,23104.2981190256
19.811023151981,34861.5494025911
,
10.848263394911,17593.97575768848
,
15.07460373732988,21679.19242724282
14.24329907891009,28477.36287824578
,
,
6.578245041025374,12313.74096176022
,
16.39215449890443,29219.70617343524
17.47437405302197,30932.50805625245
18.35157049857295,29361.20087072155
10.71550557835782,18739.0149399639
,
16.16760840036873,26754.030348186
13.34931468477754,26238.66317920629
14.33737066789636,25488.00590512105
16.12006071928592,28649.84665102851
,
7.421907980179181,16479.80968523942
8.136076100158936,15566.15726764582
,
11.98732267892731,21780.35992189624
1.6829032021381,4221.641015623492
9.846362344516743,16712.3101532756
11.31024805944396,21138.10012667612
,
12.22583195081121,21381.29107968893
1.579504748841939,5986.923148460836
1.709615586235074,8968.853268623086
,
7.843622186813995,19968.79950858178
3.414149740385811,9252.243901841804
10.92262194104128,15862.40739325029
15.62987750887361,27951.49950551947
5.10059952244002,11413.21605342559
,
,
1.981952702203546,5696.017085337771
,
,
,
,
19.54118950978816,33488.94107352346
10.80970661772271,22554.36893528688
7.136172985883674,14493.60253847147
16.10853770060537,24771.04042683768
,
,
,
1.481664124893693,4954.461853994704
19.29031987888058,31964.85620777926
,
,
8.770105943871128,15913.26261859113
4.29259208134607,10277.95300983316
3.972303810750635,7183.471360521751
5.754615065127311,10757.00599704415
11.43530662941629,21597.72265977997
,
13.54375015763689,26769.55293892216
6.318744041972914,11678.84369173017
19.14244033260069,32163.02995040481
,
11.53272699771661,17462.35903070886
12.62269417845269,18412.42364371748
8.972401186128009,13407.28915005182
5.706888800521992,14085.50140763735
,
,
1.273476283965361,3781.719228633265
3.205380169631408,8177.172860841186
1.874050198413302,8895.295202755704
,
,
14.36949932822045,26970.98145351696
10.00930275265918,20062.0791806117
2.858849052369028,8473.327476955908
10.34070162721981,20067.774593163
,
4.290835528290288,7799.855525590819
9.243181335521488,16858.02308846033
8.571589953550095,15517.01568527529
12.70115186299211,21145.27169583362
13.06677936648523,23992.94394464128
1.860776185668846,7701.774695644291
,
12.89133839857049,25292.06775996626
,
17.27330698257812,28522.64155530775
13.51517900075996,21839.12385993432
4.095754114547164,5410.557937674627
2.340806200608167,6345.847929226852
13.20596628592,22565.45441211343
1.503714900290814,8282.471836920484
12.1297360441958,22456.22743540326
18.8643745870742,29248.18823195288
,
8.375228597923916,18004.91028793658
13.22247615040471,23997.9096325443
9.706804919338817,17107.23918130856
11.36671899700276,18131.20002205719
18.88783136675398,30587.33349798886
8.335950118214711,17681.42241673044
19.26262071265437,35663.10368085078
18.20166219716521,33388.9803522922
,
2.317864716628144,4237.562208364194
2.914782026171106,7653.945533079068
1.346214687379445,1482.443299943463
,
13.97712869491078,23670.48786976883
2.352584320744351,5596.803477380042
,
17.05263090841964,29606.14657576889
1.442166778980691,4097.848489147214
16.47490116918978,25372.51808236409
6.355240720694598,6788.336654478599
3.245131724811469,7812.667777115931
14.23800614191886,27901.51240621778
,
,
14.96634983227383,24245.10062768718
16.26613767731212,28336.75502811823
,
4.371351331814734,10160.61079736103
15.26168028117631,27424.68097853384
16.32986004607802,29948.65651688564
,
8.839735861317102,15852.25629162172
8.06834363006288,13346.5502715812
15.75184625409794,24974.00867306719
7.475267264807339,13759.94311340796
,
,
9.150886520125349,15119.97187882733
15.26655028803845,28885.20256997672
,
,
,
10.59979507650929,14051.21209421805
,
,
18.01494134142781,29459.75689790528
8.3948318959491,15726.22927837339
1.205915378125669,5840.751502596702
,
,
7.066959114217882,15188.96803057048
19.0511773739653,29068.18721460944
19.06153579181357,32179.41955205361
11.89531987434244,18129.81620226684
,
9.520464917588075,17209.41441178715
6.571004662263226,9626.24336158382
7.244626362028403,16196.41825195695
,
15.29511605931592,24322.16921494512
16.04000183079112,27461.14114064857
,
,
10.39398578934905,18714.33838371951
,
11.44104876415098,21547.78436075275
,
17.8663794724077,29065.5135304449
,
3.224273312124511,8008.697734279516
3.716841959003881,6430.984914534607
15.46870200263197,20360.35203695875
,
2.921330846333015,9189.865951671913
2.598029316184951,2171.17910319375
,
2.382497120919677,7812.054203389911
16.61534112651677,32038.00262919855
14.41860231597343,24669.49088931096
2.545626832196096,5362.434365835874
2.611916567618646,6552.081969218289
19.74615199152233,35368.98082557987
,
,
16.44319177789255,26699.30062247476
18.99772297029331,29589.92723892254
,
15.31418551991989,29220.63519681896
8.148932125087399,15869.55673386316
2.586513617274707,6375.063421659484
15.7657914026213,26065.06456610086
11.6096807449803,17288.13950007713
,
,
3.112752163816876,7308.168418544063
10.35987698152632,24926.03060797921
1.215719250580962,5421.084692602816
9.9045521978884,16353.24619664223
2.06976223795491,5251.928164521279
3.257540409093366,10183.20203203356
,
13.33499574020521,20125.93765367308
,
12.08400653684603,19789.72163419106
,
8.122541010950378,17343.90764785486
6.428529639355354,11748.15066771553
17.50338343559974,31817.10787686984
5.2483209318696,11008.19241885921
19.30122824937161,33657.38972430186
1.23093501910651,5815.868163248716
19.42769770744514,30448.83325118596
1.820038327060946,4442.957825956495
17.93171916026335,31957.50037555735
11.0263210726397,18869.93094474647
19.86633112626671,31992.19976291607
2.402134729972579,4692.956936260161
11.5232314036251,21132.04523662456
19.41674817676288,36250.17210363061
10.93885903923283,17273.2227303407
12.95857412456999,22486.3001002005
,
9.63628023058769,17295.1375633901
12.9236035215972,23290.14887489528
,
18.12200219932879,31039.61749340848
1.863481226487699,5420.933309722452
,
19.05781819745462,33961.49939931143
17.91501189392741,35051.64512492834
,
,
6.270242476641521,12794.13231811695
4.574302034751465,9155.120466505823
,
,
,
2.476958102334712,9350.632224717987
,
19.73800414511246,34886.76333992677
14.26507256637516,27031.83898424247
11.18583096053829,19542.60938682528
6.881024709440227,9077.827266143151
,
14.00989227852371,26608.82751090778
4.089721847552934,9088.846646731638
18.30761650538301,28462.82029348469
16.62820761554021,26932.76158085388
19.04619835254656,33250.53758182894
14.78867065937884,26276.47312547102
12.65488872278001,21504.46888583062
8.946617689521759,15686.27771065326
,
17.45521390050776,27338.00048176463
1.859154732017599,9019.48347696528
1.500972515447788,4606.817834749002
,
16.40051328485482,30643.40203112714
19.75824645698394,34633.99148177184
3.857920930967035,7923.640771014457
,
,
19.42837355847746,30335.15661625593
17.00025953957847,29149.1078728109
16.92824538951162,26034.28850194782
,
8.881570544415638,15393.12122202667
,
,
17.42972514884601,28626.77777586086
16.44511917347148,28841.06636315776
,
19.9360999044042,34646.74445152079
11.55320240644992,17637.84424918139
15.6107608884297,26668.90049173737
,
,
,
,
3.454028887878405,8540.206895696803
19.12696951791573,32391.71447542071
12.51731805456672,22754.35134214541
5.344213304565792,12285.76289397223
13.76231300371128,25862.86918947936
12.74443656870002,22936.29216690705
7.805091642623969,14225.12215469887
,
,
10.88584631717207,19063.50198299296
15.67404944297715,24562.01555512444
10.88310652112787,21538.82112026576
17.19144850605226,28546.4104311712
11.48622993671523,15884.00581304477
,
17.65641845050856,28413.97130385499
8.666174458035544,15818.19512244499
,
1.54687084995344,5701.305634488293
,
12.78588147571583,21307.84947243406
14.37751559388525,25592.48498718004
,
3.591058036148626,9864.208015997945
,
7.661163617325343,12620.86802189882
12.20843605023803,23484.6183077071
8.452636856894914,14607.02839511428
9.312023518450852,18584.15087423857
18.17901519538122,31003.09741987451
7.616853873442706,18101.6481637543
10.7658002940364,18701.7684763109
,
,
,
,
,
3.794396137651721,6584.229368184873
,
10.35020956851123,20425.92953671399
,
9.723579368526964,17376.47061571551
,
10.35974378586452,18679.72000502315
7.246280595462656,16193.17749841036
,
5.562766756785669,11820.88810064807
2.441403234064615,8612.50011066178
,
3.432870940197676,8528.469643494002
,
3.637716280338792,3050.109834509714
13.17662015126108,24120.68086595343
,
,
18.03897978821422,31080.8748813713
10.00527116499457,20755.22383781778
,
,
4.653491357364745,13204.79355202441
,
4.209766198371126,12594.57835629947
6.293216441607214,13924.07964455461
,
2.685348141384057,3824.090588281747
3.292081550911416,7445.997350107226
9.75479659262179,15945.7016983003
4.920340649710058,14722.39640956071
,
,
14.11750174395794,25279.22336801785
1.74693065698088,5707.600878216227
16.18879757927181,30673.29844976922
12.93010740032725,21149.86237702197
,
17.59799385802877,27912.04961564705
18.49657561010445,28104.81839271526
2.160481237242411,5017.183674053046
6.26067531479687,12316.93937809848
16.31782431606817,26618.13202506773
15.21693411728951,24440.55921618655
,
4.977637143397496,10300.24456983885
,
,
12.74684065907562,22285.14049448244
8.009359151825675,12098.93572880865
9.78815960652981,17063.82125569499
15.20194782454137,24298.6089256309
1.69698085492136,6183.820303220401
,
14.5536421318065,21080.11825841826
,
,
11.110156220041,21007.91448296243
,
9.500834969645638,15747.31379099082
,
5.606939569059864,9818.357639982818
,
,
,
7.119504146080388,13557.93459149134
5.017512132934348,9109.454665580597
,
,
17.920018334058,26711.75561507603
12.27825661752692,21951.63822831335
13.9029440637453,24871.86614207782
15.99425353353943,23828.99889624487
,
2.65148547366105,6011.106107124696
11.20502429455241,20101.12246579971
12.1499812423967,24449.41312010591
,
,
3.424025753115711,6353.654178842992
6.391742210175765,8283.982512605036
7.898563631574067,13409.53880887626
13.27242758530042,22486.38090029525
,
,
,
12.50972156778086,21314.87038805513
,
,
3.904323644502309,9740.366765892282
5.673196839305654,9328.99710407279
4.052946091931558,11901.28389738988
4.544773456974809,9619.98392089369
,
4.294098310600342,10857.57631241363
18.03854306790208,30524.24686438012
2.524441167571202,8692.935019183293
10.96571640183484,20022.82293315591
,
,
3.128739141192995,5405.656297148169
8.55925638186909,16056.00398435668
19.41993823223201,32063.44736705909
,
16.52436934803632,27529.47899917662
5.900153713853856,8086.532479785506
4.246864160411251,8272.846425134954
,
18.65814379342413,31306.928474131
,
11.8606410999281,23322.37733162155
6.3196027795454,10747.0544728891
15.6203657306468,28369.46299702367
4.553831222592944,10685.13555763279
7.14990549168063,12432.40361783334
9.083292333711919,20175.5602857869
,
5.605784915886525,13246.98572104979
3.181899670044867,9774.014141153257
12.60178080639102,20561.43079143324
6.48398051156486,15510.90136747595
,
3.932891590209844,9476.72464387448
10.14166193524153,18733.13658040474
11.11919921848013,19410.1813447791
,
7.395481285684491,15680.19936963116
,
2.204124438982587,8914.867144230186
,
7.124723054519737,15752.17699046292
,
,
13.94855172225466,23101.19900747281
15.44432933790404,23955.08466988419
12.31713607154904,21045.86204674609
9.959947582453008,17323.85280530803
,
7.62849706431691,17063.36308871458
18.66105374070869,33782.94823264295
16.78176874796685,27048.31706879368
19.33551130266374,31584.82320650656
,
,
18.82846867959972,33172.40628559449
4.443428257147543,12896.30803281778
2.263429079968772,3926.445876193314
15.08129233651112,24437.0099864609
11.91498915041833,20819.67221170963
16.99474675840717,29052.44245524997
3.6556751558995,6864.305694005957
16.11007892533792,28013.24047693505
4.830919080907146,9298.699927218886
,
,
16.47691968439626,27728.22406621626
13.6387471932278,22585.34900878857
10.93824307061327,19188.14499806824
7.817779198346547,14549.94287910915
17.66681027544906,28760.19335340933
8.456457041030072,15167.0934362109
16.51538934995996,30970.37836594938
9.34356326283415,18137.1837901337
8.161944159073244,14651.95560255154
9.790915927722523,19080.28270060525
6.7261796091187,12421.63043416603
15.20457822334877,28153.11661019644
10.5516874117571,19566.81550203184
5.412041207789529,10903.45752367584
18.0919168922168,31033.30918994575
,
11.32750436116578,17737.72160392906
18.22297010832639,27946.60514969148
12.86052192236585,22576.66907307619
3.221062773458917,11296.62415915856
18.85681034865603,35747.81581536931
12.92645300835694,23665.78171541692
7.363206678484636,15046.49896761587
3.646169380604358,4867.138602601059
16.08647859613562,26044.37029473539
12.78138236264176,20596.50604014616
11.13576074755011,18461.94592482293
17.98395907796819,29639.65097978271
,
3.881822714922272,4864.134451631834
,
5.721293656474849,9436.45443323266
15.13497955888086,26180.96306654359
,
,
15.48671502907312,21169.49749811702
,
7.499553225602241,16451.24910840051
16.60388878876824,31822.52809159355
3.102003002148937,5193.905314318572
,
3.422284584307666,7202.805962901392
8.548458520646978,15610.7910723622
,
3.848431119626702,5766.706022649747
5.355776509420188,11541.14408711943
,
14.68069419437541,27192.61394144181
13.18180502482065,22968.67384417276
,
11.31176442360433,19184.34950056291
,
7.56822387657447,13665.95126386688
4.450356619227088,10918.67870855273
,
12.08444410055629,21880.86693863881
8.616176918509158,15865.73975039378
9.778110269238521,19919.26590540212
,
3.913676659205524,5324.450052394523
12.13836680831915,23731.39321390671
10.61188489880485,17106.36274648205
,
1.34409349259597,3824.817650806971
17.57035426993888,32104.40759124995
18.71024736718864,26794.02262282556
11.73753048819497,26881.79279961244
14.23636565366095,26466.66209862353
,
14.43753405195457,24546.51307669929
3.898241815370965,9418.470872771763
11.94947884316945,21966.46312151285
12.52758588127426,23081.8099938115
,
14.99244047686973,25667.8220778151
18.75297328061128,30734.78308030227
,
,
3.15152287097435,9994.824500195653
19.71198278028436,33755.08761498825
16.93906364247275,22527.81819438056
3.36859094286207,9364.687967352627
18.49599576973007,31133.46604403266
17.52803087918044,29254.62880587886
,
12.23423327915366,23599.57535870251
,
2.040471137618595,4514.951370780675
,
,
,
7.336484262131739,12751.29194401768
,
11.21051645582054,21722.02477448298
,
,
,
15.01252371408522,24235.82238068192
9.592140876906337,18252.05640470739
5.267491635859657,12502.05650424485
,
3.676283387216198,10892.25182377358
4.351352743618243,10943.63680982949
,
8.959583540586411,18579.67578751247
18.3820721202939,30520.06566194273
7.88548408321603,13064.47682236861
12.03117865528283,20720.63405503671
13.01302147047108,21029.72691609372
1.248794675178339,3522.835462818745
13.6072100683175,23121.77776104522
4.382683370525277,7989.185213787992
19.26033603191965,31274.58098860139
3.824591827309146,4949.658407056149
,
,
19.940610785073,31276.73891547312
10.54170519629361,20131.04913130522
12.31231532908083,23343.61326887436
2.274453070380122,3196.559876832235
,
4.988206268816129,8944.024703649597
,
4.897653169158136,12005.4294376007
,
1.694443689113803,5012.635851049483
,
,
,
15.7350247172052,26722.40233634046
,
10.96341511722402,22166.43986751333
,
8.614498156631193,9882.72292330514
11.63316629485614,20817.4485317916
3.949564672683538,12525.36937204701
4.456634479410152,12162.8444249941
,
18.97619378053902,30481.01829954444
,
6.144148789727522,10269.13078518235
,
8.765949250863832,17159.864194629
1.482340757546552,7343.930951317589
3.966899349957617,14469.66910275858
14.60347234810055,25690.04045650836
,
1.514823857566186,5221.087161965291
5.217471076726039,7288.054805310824
,
,
1.374500217332919,4013.573530130194
2.978063057706903,7771.804330627799
16.1984056220906,25652.76856837149
,
13.40217604918562,23103.67820361483
5.525472839887804,11269.60861755448
2.889386462427558,6678.290260615501
5.620271628989627,11740.7888112024
14.72307170525752,26734.80408722156
17.25823289401943,27153.08890960734
16.77417742677284,26845.03316200875
8.546487062750643,15212.27853657263
,
,
6.569806874959252,11902.26856534956
18.03038055190127,31794.34918927737
,
2.624662086234894,7324.172952087429
4.949838847774519,12126.55419599772
1.504111873602575,4981.424233605068
4.447273266706149,10451.839599917
12.07778965842415,20910.24098177123
,
17.96076251046252,28775.62645047062
16.53142767303038,22919.50719299271
7.494529682259643,13973.23619901686
5.929045235194558,14739.06412499172
8.214155755178071,17173.66443725029
12.21560390778135,23254.20083085436
6.093209175634649,14612.07520706441
12.85882924913355,22465.55905562319
8.778821391633567,16562.86350226154
11.48889643618763,18998.04086341274
9.286404053571017,16297.46036830243
,
19.02061283228098,33938.6881227591
,
,
17.50089154206034,29252.39323080371
,
,
,
9.079056584915435,15517.51117838998
,
,
11.29105007855647,19641.01448019977
13.0360861766968,21647.63244699917
5.899866023230843,14754.73410378776
,
16.86367449918668,28896.46046800168
19.70364143336749,33799.87643813804
10.98811346375103,17204.50396006501
4.261906431117767,11471.08322151719
6.17383920386801,12109.23023273109
1.349422854401868,6365.095516085227
18.37167732464948,28413.80152089391
3.237270574912682,4748.388330336894
11.95381303477082,22566.49886820629
,
11.52938204780008,18489.96996298509
13.37698737868542,21326.15490547874
,
4.922004163451462,8004.182459442536
1.208920744511129,8098.72702327862
3.600826971307338,6599.998987665271
18.100354195114,31427.31514388776
17.60391147368779,28748.63025903372
12.35084894123586,22732.64827401847
,
,
4.332054293845542,9579.919791559756
18.37382697257424,28556.36554729841
8.95663997294939,17916.60865026434
,
10.85943640037391,18831.95476988083
,
4.159384006365508,4114.408691957641
15.02263871210104,25151.90254295122
2.573174690577403,11684.99287909194
,
5.661633083945098,11453.92886644886
8.396616666797554,15069.14334177979
6.485180998643298,12772.70328358904
7.757781612834034,15730.91064960147
14.66187219850066,22631.1826671333
6.645312596840325,15196.61228459823
,
10.04495764178289,19503.80791409021
13.60975214189031,24291.57969045493
18.7997650471704,31238.88088614359
14.91886984699476,26724.02724242577
5.083867193224378,11809.42905731932
1.592479566164409,4680.637927364565
5.983016841696677,10827.32171675121
12.30648068330484,21663.43361548124
,
10.43095869682349,16168.22389392743
12.3400141294209,18574.97066262646
,
15.64733187117062,26572.77321046796
3.025366809541664,7884.733543053313
,
14.83558636786846,24806.97504253309
,
14.07964553212699,20917.66034123745
9.261719433471178,15235.58510064627
5.681638631543029,11315.94842701645
16.56294403580979,24558.03843140636
,
,
,
12.21438267051266,21782.97581720635
7.858504041860509,12267.4265324456
2.740059393206049,5877.366273730118
18.42895793378261,29893.04414002604
3.599553987460267,7763.900787677932
19.05450972259525,34145.0521739004
9.474109686201158,18326.54665075198
4.517525647933773,7553.372558026596
11.29611800018881,20437.18655714722
17.58597088165176,30375.39981947121
14.91227284178166,27648.70733971503
16.32466180936754,30648.07408718806
13.51688396750363,21245.1375675997
14.1532547258392,22608.16706633812
,
5.743692168324533,11147.49853427284
,
5.202979394572442,12779.13812503687
19.76569215193629,32496.63618061939
,
,
14.40592827779808,22938.60661343708
18.57971803089765,35048.65448973603
4.430931557419337,6431.075281892887
11.79095938049996,21055.92022854139
18.3942776541728,34638.62891971847
1.644973593130178,5481.060078815262
,
,
18.56352771215408,30484.5082047063
,
18.94106329315525,26987.87111707386
10.01007011649181,21081.97257733037
17.37881036879696,26220.30124829515
17.04643857216634,28036.35319978067
7.062908991621857,12735.87464683546
16.74939400886287,29301.19755283575
1.70314505959436,2358.468885624044
12.32912769115901,22418.0368689024
,
3.290770829768297,5209.808235466825
2.462110830954974,7072.578581653253
14.22948674168465,23020.26575693376
,
,
,
6.990516418781596,14461.51919791454
,
16.02374013194031,26653.80261445586
7.056297555709328,15023.96221786036
,
17.83357721648756,27837.49307109532
12.70140057546379,22996.91341895644
5.426230020319042,14107.57708755049
,
,
1.404118806157356,5104.761020082742
17.61933178099979,26928.18220356025
11.04980554651703,20783.73897248628
18.84228627174503,33028.09553226436
,
19.96074810013341,32001.03785468111
,
15.57657748969141,25491.42676245593
8.636687358575601,15822.76580861176
10.11763678577427,22375.89875699443
12.92260380114903,21889.85430023155
,
19.69758591478661,31251.29526090959
15.59719486342585,27884.17623813864
8.937568861179342,16043.90494533281
,
15.01406373018894,28163.70365982943
5.536765769597745,14144.35466342389
3.099008149496498,6447.665092767337
,
6.457540841427553,14701.33864181517
6.629854288663812,11575.52178147571
5.438547269948289,12739.07210324797
1.799770603090876,1759.448269212643
1.339604759934862,6794.601816500913
19.7667254049846,30227.74424891534
9.127689540981384,18153.06254960512
8.302206296033951,15481.8555797238
13.91329837116833,21962.0687179592
,
19.04926249505428,32946.53065649483
15.94055527389549,27122.6218170737
2.698809043932931,8217.039526844364
,
17.70324784368113,26426.38854209959
,
9.880628713747525,18029.65494566771
12.65481639500345,20184.65649585892
,
19.83220389660255,32370.06506334976
,
18.91190370856739,31112.75732209601
,
,
,
,
4.354032608104657,10258.31267740692
5.189237972333332,12557.6317386946
,
,
7.652379924167872,14876.4661798448
2.099010854704531,7021.993385523816
,
17.79193181430509,32159.46210510194
18.62729338070905,28798.83271176547
,
4.304009735170259,11841.02962771134
,
15.40653103837773,26749.10020940456
14.22439174302205,23328.22795251773
,
16.50082937482174,28446.59702930928
5.264370864896552,9922.099169117724
5.252534681629839,9527.385864121534
,
12.26585876199236,19224.29626526294
12.02163794891841,18860.80666560725
2.738249910557343,8466.12143174902
17.67175638997723,27210.04651464853
,
3.460783504373279,9116.357842267822
17.88621351751057,26377.70681868466
19.15737846636532,30380.93839487666
17.38042472804356,31458.85589816009
,
13.44959763214141,22245.58792359334
11.46629004157365,21123.55684886426
,
8.760611048343275,15637.83880042592
8.081081823233966,13926.60234546767
5.935321891446198,14747.72256056631
,
10.42163896649665,20590.17455130856
2.539878102245311,6980.453438498014
5.183480837046416,9158.689812287772
,
,
17.1729313669266,29596.19349216728
10.40778401326551,21414.87320579113
10.13114496920631,19497.61763888175
12.25574790853083,18377.46125927662
,
,
13.88230689862221,23055.51780402861
11.74890731592003,21123.76138638343
6.073537133219006,16101.64067939644
17.693969740748,35760.79172313272
16.15109441053163,28440.08773406982
,
,
17.47858981823624,30993.19557910204
14.45889655758566,24047.00958526411
16.90325323890977,31945.3025701893
14.25195777171639,24838.07817595739
,
12.7536161860885,23462.27278324167
15.30161615159518,26795.59744862168
,
17.73654442477964,28370.31026407562
,
1.555698377656624,3133.239100541546
16.69051826073049,28914.77985233619
3.448527481995459,9730.664230017417
7.367258230923696,14966.43307868932
15.12665686954055,29038.97017100589
4.054438024917856,9070.46499971869
,
,
10.64188694145589,18188.63100723503
1.121331562619838,6073.072859061313
6.453724530323343,14378.7910169713
12.7216114491391,21494.48327838029
,
13.0044570133167,19470.93802661343
,
13.04610835889262,24349.92886537849
11.25972221460125,21039.99335411502
,
3.03263213771221,7648.495580930235
,
,
,
,
13.01981596954501,23513.76165030312
18.70853400469033,30010.73132170034
2.947684831822906,3114.84140799187
18.80734125749257,33405.31730974625
14.06982872371545,23147.06817355637
2.288904122998266,4707.804656411158
6.718307771989509,14464.41948181225
14.45526968426035,23898.87924655227
2.279661427906662,8539.364909953238
12.06123874334919,22325.87001417718
7.571778082106178,15724.80576956022
12.79739483758206,19464.18083397203
1.869098642437744,8227.535934429417
,
19.49629041437054,31505.8813430634
,
15.24338480311557,22312.60673887672
,
15.40700072265143,24051.758067613
1.467151412717229,2495.386547388774
1.420347479050948,2085.802846140639
,
,
,
13.9826121555236,22902.3153071808
9.472151421158218,13793.51121655143
6.198906659351652,10065.31110913016
,
,
,
4.108852602641715,9483.315355668146
16.10138142624866,28155.63761170808
14.17996228984828,26504.74106657735
,
2.565239866701011,6128.322508473346
13.92948673941955,21242.13473696525
13.43571307134157,22326.6392847658
6.191931012965977,12808.45753261474
,
3.870099943837104,6890.848085965572
9.214361219809437,17509.11759281393
,
8.974819021596325,16527.82252321766
,
8.554293561293091,15370.6389135281
6.210088844624731,10466.66697840049
,
8.777346119985818,18236.51784942623
17.98788486990355,26289.45158037914
,
5.048989376476583,7580.425554534716
,
,
8.002000530751461,12103.71035673013
17.4228067469531,27290.49049417903
,
,
4.524984798359302,9926.165871611453
17.50384019115661,27812.2851800604
,
15.64751504823699,25377.91240318095
,
,
,
3.493652675965364,5641.316540092851
1.617997410333786,7086.460951259029
18.49610910849805,32366.95677173026
12.71635597589402,19778.0073863358
16.13420852854735,28838.86808033075
,
3.228855590285495,5598.193772939415
3.378530051848458,6232.78943574416
14.02574045735046,26073.93361971269
9.175812003089792,17306.70862628598
4.809969807306397,11317.90726143864
10.3402963880873,19191.62301493195
2.219969804427548,7111.34654849761
,
6.110874684266856,14260.94743964318
16.15362291210658,29569.61435301541
6.896877219547902,12886.5343411858
,
,
2.376490868096619,7593.245814180597
8.457377571727012,16830.18124101881
10.11883785962535,18053.8747554394
,
6.541588995476761,12144.22903125526
14.20465583640431,25436.19560639366
,
,
1.752757681618786,5280.428006622506
10.12963199789875,18645.06384093001
2.993673389945323,6751.456227251267
5.598855301388022,11135.3377607387
19.74658927207578,34271.97825099668
3.707415315128751,7687.594498216692
,
12.74495895204426,25616.60623647724
14.34683444033798,27283.15981788794
,
1.185646100964489,6157.884761937123
,
,
2.669463483751834,7592.643483654739
7.661911692974434,14024.05193882901
1.630859067035965,3878.757269381154
2.492991445945394,5358.405064285572
,
3.521599326818147,6618.754573766331
11.7832761169696,20540.5575953557
14.09983441360805,22718.23164219057
,
,
4.182169062922325,8113.147111643402
,
,
,
1.600136751687199,5552.115663362973
18.78803267863011,32667.4138546646
1.987454389377976,6945.679489428278
11.28463037072034,17451.62071142592
,
17.54841335117563,31097.20170129692
14.56765171051613,23324.90535741703
,
,
16.48167716118373,27303.88810261687
2.522182081308828,8929.229217495265
18.00151646515003,34730.01968696376
11.40425514692099,18534.41065511152
,
9.594047405847702,17998.70829998131
13.22797620873397,24285.08932335325
,
14.90020091335131,28256.82269666903
2.550969658581202,4149.242888425305
2.146689595820712,7605.87163979429
5.694961446192782,10330.72052777139
4.031348922150578,12485.77919564046
17.56388776525183,33330.86235421398
5.165065759802842,9214.285464137567
,
7.40102004365103,15820.70583943615
4.460240398085286,8916.099297548899
16.00427163570711,26915.58501769618
,
10.46571861260964,14859.23160651915
11.55190746781499,20300.18570953402
14.66483378717301,23617.79513263117
5.340640085294676,10024.71448314247
19.9303444050781,35782.78061455477
19.52107008078888,29768.59133262481
13.3561880405918,24660.69243438365
,
13.92433660619453,23326.98457230013
2.371769770604341,8138.398448009934
1.582397541910315,6053.698902003254
5.89597488171306,12985.18831700865
,
17.49717760275923,28583.1496377722
,
15.11142390279964,23496.83480108386
9.084373354513431,14975.73897181224
7.572764858392295,20257.33613820589
8.049736496707451,17563.96390653475
19.7653417109851,29945.8638340616
,
17.47359842632652,30174.12976292677
,
9.33369296460222,18098.30711753806
14.77989554788759,24659.93173472399
10.24670988706935,18119.15631059823
,
18.11333541621391,30341.78913690753
,
6.25972814746598,11929.99296004858
12.25465624327388,19679.17149639019
18.33490356671713,30852.77818789271
5.002581591107665,16474.39039186832
12.83636508770617,22989.51096250787
12.99964418175789,21872.40690029204
14.92914742589034,27237.32414279001
3.499786017417936,9215.054800545331
14.60067432895968,25741.20047434321
18.27161789264718,31621.12802540211
4.413979068534598,13734.05573246098
5.513323173553675,9008.207889678682
,
,
17.233316774022,29961.0004537175
,
5.697390413660364,10711.35199328038
,
9.460799845050644,19142.83320626539
,
,
12.26606617726362,21508.96748789513
4.106953579115433,7741.270659174804
8.430549196383453,13128.81397322451
,
5.904535221321423,11239.8372550705
13.47799662628455,28070.42791211787
7.178611220269203,14633.8364811252
15.69598938804541,23788.74908055964
3.486599553648647,7100.351322131086
,
9.622001286289146,21609.88747517357
5.484958803582815,8055.471580898306
2.396438199270241,2834.80852862727
4.225400196663275,13080.03064573848
10.87570502256434,20092.78588858831
7.40306035219444,12368.00506453893
16.74878395176958,29192.43409989924
,
5.725571179164968,11595.10778194177
12.72575474547657,22744.27446390103
,
,
4.184765109478036,9448.52198702377
1.696757111737317,3694.2864154868
14.99163828624717,25998.22494071939
13.6122860248143,21627.7363924954
10.01798663924646,17210.77828054926
17.03923853041475,26567.22700604166
,
12.12173292353829,22899.50161862076
17.49715432975191,28776.49035471305
,
3.126472768556829,4792.526323568156
,
,
11.09222103201961,24879.91773008936
18.79550815360427,28969.32817885807
1.747527272701683,8549.6453865574
3.320088366190509,9973.85009621738
9.59178153738527,17948.94511505818
18.7436253330302,34632.67896793556
7.00696599455826,14254.65993705112
10.63746136507946,19734.51043895504
1.78988432195745,5578.585176901083
3.818520818279688,11174.91899225679
,
19.33725523228486,30754.52827343487
,
19.08442392304154,31220.674609771
13.14327881849451,21114.84109894647
17.49044759588042,29108.62224458991
9.640057257043322,19934.96215493327
,
10.28808502488148,18346.48077469908
13.67042089337598,23621.67680968076
3.653373840369945,10176.92252496549
1.569498207580881,860.4686434021114
6.850668890232628,12062.60274581835
14.38893449199629,25005.96912255338
4.835215590336019,12652.98129835775
13.79521623317343,22709.01945474773
19.42832887603814,28389.38790197346
,
13.7794402462774,22398.43559176484
9.431254166786852,14767.54793199956
17.4947028331726,27993.36347033246
,
14.15989309229713,23030.35030936926
16.92419050331409,23975.153640773
,
13.98171253750327,26522.31888881235
10.44632051616012,19972.52475691919
12.73909756382306,19833.27500488496
,
11.84158518613776,20749.33514874773
1.5773541342399,6563.619980483671
18.68802521463258,32368.71879938503
,
13.85375432976768,23944.62260747865
,
13.51882393442049,26189.88054592426
,
13.37342656378835,24638.25322043356
3.025267575851823,7705.554619636458
13.49906078745768,26069.50947159353
,
1.916028738350565,4151.867287178706
,
8.731251253734541,17492.68342567987
,
15.8653241971072,25839.00036086231
11.77330895874669,21253.11452840155
,
,
8.678666111369626,16640.61651394021
,
13.68427432570811,25669.49779303194
16.34907289688391,27904.88052785592
,
16.15845932831406,25172.64118541601
,
16.53885010732541,31426.88786045433
3.28397205204156,7489.866287277592
11.34529286125614,18322.67143464604
1.10941454946431,3359.944047010343
7.167130768105135,11571.43007747293
7.96276916255656,13374.62992757943
8.527281140575852,15049.90551368372
14.21387692710738,21509.68135230379
8.382603924136568,15605.14255410406
9.525178829828082,19092.32259231542
,
8.091784040957462,18176.24390871973
5.318122917999878,11998.768554055
2.390722551600429,8647.244998648759
,
13.69604317254531,25253.11521295119
12.77031657418268,19971.60706048339
,
8.215929823405366,15667.57341469511
17.40333934186468,30211.51145276659
